xResponse,yResponse,Loud_Mean,Loud_Std,MFCC1_Mean,MFCC1_Std,MFCC2_Mean,MFCC2_Std,MFCC3_Mean,MFCC3_Std	
0.22666666666666666,0.15166666666666667,24.853181292687854,2.84704514131326,3.213031537634633,0.44600337560704034,1.195979078652285,0.3102341892338571,0.7641380744235601,0.35249880406218076
0.7516666666666667,0.645,8.684215640863998,0.9963543048048953,1.906871996048171,0.35646454042647435,0.1363650166653778,0.22969232025513842,0.4098468278512701,0.22458657080708402
0.8166666666666667,0.7033333333333334,9.047370605785643,0.7260851917180026,1.4805318181540998,0.2251136229192457,-0.2555034913364474,0.22748668562863475,0.306741345072806,0.21991431798195343
0.155,0.6683333333333333,19.378393220835147,2.19917162450707,3.453754948484362,0.26682583548348254,-1.2114301908522356,0.35457348490615775,0.8559363030670188,0.2230374659003634
0.7866666666666666,0.11666666666666667,12.26656733116542,5.280863612643313,0.12153908394290923,1.159528614920186,-0.9690070412077302,1.0345837725321423,1.3962176337535865,0.6593539177514377
0.2633333333333333,0.32166666666666666,19.099775180387773,2.3842603608354,3.325903995017913,0.27519752680419224,-0.19369072728119716,0.34832647405169,0.32519979722232556,0.2766316939999915
0.3933333333333333,0.125,13.430475234578857,6.8382925816250015,4.063996277564541,0.70863253016366,-0.14453895393290664,0.921749050908908,-1.2360680984747818,0.624638837691066
0.06333333333333334,0.5283333333333333,21.101896603692577,2.2158574441200147,3.39486060521572,0.2430266347383052,-1.9725888155492712,0.26785732793832717,-1.1141042949390125,0.3167559237323594
0.9383333333333334,0.5016666666666667,8.604444551886024,1.0635849105980326,3.47888867214094,0.926352326966262,2.0610346577387624,0.5725211831711696,0.04573668859919589,0.38123054289927316
0.8966666666666666,0.8533333333333334,7.071875939980412,0.7052120183674574,2.9403060918213555,0.32106399504494915,-0.06057887412050948,0.262036548997397,0.24186773398419745,0.2225175406616743
0.31,0.395,7.198423408243055,1.9472508156041186,2.622130099186171,0.385984278250081,-0.14241770062348094,0.47982891577370423,0.7535096475519844,0.4667704095868566
0.8916666666666667,0.8133333333333334,5.981187781256381,0.5009974356050677,2.0801778634597565,0.26231634818439176,0.4273919740532811,0.25779544245629543,0.051426734063901976,0.25518257733447497
0.19333333333333333,0.12333333333333334,35.01789190449956,5.834504319376713,2.325699047473869,0.38673545414693106,0.0706834742348949,0.2897578603508697,0.6431491813588238,0.2808388246864602
0.33666666666666667,0.22333333333333333,23.1869969404633,2.4212293172530304,2.655121418584827,0.3102842819047721,-0.10823431643775847,0.28239567014879197,0.4054942344827879,0.31590411007471314
0.16833333333333333,0.14166666666666666,36.09071359304654,4.173624307801177,3.0108872494259598,0.41212050123980726,-0.1765740223011156,0.2995400538525271,0.5048257962701836,0.289206968664116
0.6216666666666667,0.44166666666666665,7.151199950117325,1.308156644521883,2.9481792143105,0.5338904614373279,0.556624118264259,0.30976659427668224,0.42067514910109993,0.23491866554342583
0.55,0.3933333333333333,17.544713183365833,3.887839609039182,4.7562541393035405,0.4045085553145562,-0.9730475393355147,0.8214348963775044,0.9481143003892085,0.6066959079226334
0.32666666666666666,0.575,8.370860976316811,1.197395559739263,4.122246836165512,0.37758148489549465,1.1650754983511418,0.45352684492109446,0.6779056110025304,0.4085723528086354
0.055,0.255,23.682456878343615,4.147064740050678,4.132674421827552,0.696139082778517,-1.1404361084085322,0.3275183437392867,-1.2181094546140943,0.33835056377305706
0.495,0.26666666666666666,23.069487766044457,2.337588107488179,5.424805840570908,0.3673399209142597,0.578545050162597,0.2567528527683402,0.37661011496962504,0.28709042058646955
0.5516666666666666,0.455,11.061949522098125,1.3357684165747468,3.3675173760463166,0.42412733446584727,-0.217196554552846,0.29217307901718376,-0.2962935474171817,0.25614967395750177
0.2683333333333333,0.5816666666666667,26.558251172650326,2.9579729539854114,2.894178392082144,0.43781485496794553,0.09128796311118181,0.24615286475385165,0.7550215430326509,0.30144963756554094
0.705,0.6333333333333333,16.778433017343097,1.3981632375357362,3.8743756539042096,0.46868115589303544,-0.5133520601542417,0.4216353931836479,-0.18055529641119386,0.30794306627534423
0.25333333333333335,0.7516666666666667,24.780365135179476,2.041024718185108,2.8997729336674714,0.2367169077344688,0.4449682177959602,0.20622569078674344,0.45347360734978504,0.20960832707457933
0.8333333333333334,0.7833333333333333,9.067242033283934,1.1375038076984456,2.690264703415049,0.49234115073438584,0.09389885932569876,0.25768345118640923,0.45520217279050856,0.2686211572248687
0.11166666666666666,0.79,18.36625238716006,1.478450762752384,3.4583472072319594,0.2599468211834429,-0.37132365873598333,0.20085099528910064,0.4642571946270843,0.18129850487680943
0.96,0.9766666666666667,3.642663695017171,1.3630004692026714,1.8304707617794866,0.8209879736867214,0.6869636868201157,0.3853261661628677,0.5442703956836401,0.26062807332564697
0.12333333333333334,0.9066666666666666,19.327590015492298,1.5577584907752613,3.2201116638013243,0.22700393241430078,0.37512096474358364,0.21083697582771949,0.8352418056815878,0.2128983018325234
0.6366666666666667,0.155,19.872722787858752,2.5588019064423455,2.6013800026264198,0.324113172575694,-0.6976373660777583,0.4124684847575989,0.4089177963454167,0.2883525030351545
0.25666666666666665,0.13,19.140560979360423,4.317479416329455,2.996024603320403,0.4347166693575409,0.4521997222899166,0.269089900893144,-0.08441902163045274,0.2615774929096311
0.45166666666666666,0.10166666666666667,35.67481089502599,4.154980167717951,2.3068488893336876,0.26831402876639315,-0.7262040411628207,0.2696786371750671,-0.7206416133698954,0.2817202808068048
0.65,0.045,17.985790613115537,6.27149722463771,3.0607040909927377,0.6580769942817543,-1.3650639014582582,0.3982654330257044,0.08010238054240791,0.3201568258429144
0.47333333333333333,0.22666666666666666,18.691108039585036,3.150967525559246,3.4535308087393584,0.4260619049573878,0.43223691876451886,0.3985184031968867,0.4008660617651318,0.5295699381188717
0.615,0.7383333333333333,5.474695119302722,1.7909167511119057,3.1430912032049134,1.0399000803783578,0.9955742229239942,0.39353655294629575,0.27945666407805503,0.2826330986420716
0.21833333333333332,0.08166666666666667,26.088876926696045,8.671805657492538,3.6966952985495216,0.7686140077809958,-1.1974748519989253,0.3018082239681303,-0.1644869284504831,0.24930212351373904
0.27666666666666667,0.85,22.444341672320686,4.143808856111089,4.0469814320688435,0.33797135560086006,-1.0581746200576516,0.32642017248112615,-0.32498950873290433,0.2431266554320168
0.05,0.20666666666666667,28.36478821578735,3.3130646529636887,6.427740310138882,0.36389133491548603,-0.6090964769236551,0.2746995249767854,-0.8584455589675077,0.27906861411672534
0.975,0.15,8.057264992431223,0.9017877690174874,1.0649132245828277,0.4200244274536945,0.312751199340254,0.2879282025461375,0.920504038132232,0.3239313708683
0.975,0.7566666666666667,3.8690439220613517,0.36291411434468757,1.2440047551733413,0.24171524362629554,0.8927344605091053,0.2111489629101641,0.41430685792041716,0.20365256804712106
0.025,0.9833333333333333,11.188871469730838,1.1500588479422889,3.903722670246564,0.2628334536602232,-0.738763106019876,0.27427077500148006,0.08508763630406312,0.2881503751033568
0.03333333333333333,0.6483333333333333,19.83042465869859,2.354207518016747,3.047911092896211,0.3034340550180752,-1.1588521153598323,0.23155474572306115,0.5371432177407335,0.226198678728502
0.23,0.975,4.40233379943762,1.554876269516719,2.320663879262918,0.7258976187111159,0.7897978417870579,0.45854046035966045,0.5466315969655864,0.2879231884687655
0.07166666666666667,0.9166666666666666,3.9023678666399335,1.4179795023725936,1.7639911181306962,0.7804898078847944,0.5028637555491368,0.43702551068703016,0.3972224984464329,0.499735172063782
0.5033333333333333,0.8566666666666667,13.274945460846197,0.978329217164859,1.7984488357799606,0.25898198296616587,0.6272627467256574,0.23020104235217415,0.1908840109652502,0.223124417115036
0.6283333333333333,0.041666666666666664,15.085383681076467,7.209812284691097,2.3938229849765413,0.5671101797603705,-0.31052931382419496,0.389803334679188,0.8457997820165979,0.25195186218970733
0.5016666666666667,0.265,24.900665055205344,2.7399890865088006,4.1614704545094785,0.41411044913748374,-0.4582243871083836,0.3527067832650117,0.8700663602801403,0.284226964158897
0.13666666666666666,0.8366666666666667,18.226174429127038,2.3175769140624425,4.762702302916575,0.29702042997781253,-0.7419005897389606,0.252302511615684,-0.31855865742991313,0.25290967843304735
0.9,0.725,5.6074687610574765,1.4438952554398419,-1.633403674732503,0.5430927557358414,1.9339576977199509,0.46683193534897877,-0.6903399823886999,0.4463710374362762
0.9083333333333333,0.6466666666666666,5.440615890523413,1.5411389445614163,-1.55253877111653,0.5895883520953726,1.7196691228115109,0.5515247503837608,-0.7335527822829024,0.4979420475582815
0.9083333333333333,0.7066666666666667,7.955782691232596,0.7233192431083281,-0.535264316166053,0.41687151136208966,0.431189926535269,0.25624082451836167,-0.27380743184880524,0.21665219086265247
0.9333333333333333,0.7233333333333334,8.843845806069403,0.627889957900376,0.02830252715734055,0.23155724736931688,-0.11312256054073515,0.20835492750991924,-0.5938338765790084,0.22369103801722787
0.8233333333333334,0.7516666666666667,14.201698052850935,1.715609396055596,3.6002734222254316,0.4007214339808057,0.5446968737414303,0.2952150484506499,-0.22483500145784277,0.273211933513571
0.7983333333333333,0.4483333333333333,27.040514750667022,2.7612108236229145,2.3457092226724052,0.3241374019788311,-0.5017034382425005,0.23924505658796197,0.11392864567551171,0.20613166732827704
0.39,0.545,22.5072231044106,2.023737819578121,3.629624059909645,0.22718041683903878,-0.8181027794944741,0.23187980006411057,-0.010243583208497544,0.2095980179876002
0.765,0.245,11.577208174958901,1.464474783442428,3.636762017710146,0.48459732394450855,-0.7918283621637578,0.3725271577114265,0.3476036492650224,0.31499352524060603
0.23666666666666666,0.79,17.274603992005694,1.3402905439774833,-0.11117348517037483,0.2696445748861809,-0.6321906254297718,0.26251474871613467,-0.00865861348683688,0.20286379252922693
0.5033333333333333,0.23,14.120696236517718,2.044895775055313,3.2375320097643283,0.5954047923927921,0.9896442265629862,0.3572631292355486,0.6571516742440369,0.31208664881428894
0.49666666666666665,0.9333333333333333,8.1699355860003,0.8355538827772396,3.0267179034836316,0.31640766174872,-0.11828518886694404,0.28344525827968275,0.15066338648164387,0.2430278467430734
0.7433333333333333,0.47333333333333333,8.352739900877005,1.1781165064678714,1.80940997925535,0.5754223143181109,0.09927340875624213,0.38457941900929027,0.07044168149210722,0.32204039688306085
0.71,0.105,8.83452920667451,1.0201006020054093,0.767556819852992,0.5462562940905735,-0.6405440034220015,0.41825861415221544,-0.023729001925992352,0.4436504435553363
0.06,0.06166666666666667,39.420361985957406,3.2599707635103847,3.408410779435852,0.25021807646356886,-0.818839417733173,0.21768676076250693,0.589641347247465,0.2356965494892311
0.9333333333333333,0.18666666666666668,16.31701474776508,1.4531062009954774,-0.6039565236856425,0.31518925452698365,-1.4002612195072663,0.3404429637827095,0.4170545378389106,0.42597885693123
0.9716666666666667,0.3333333333333333,17.247012886504084,1.8636423095201455,3.1449679573023164,0.5884895000004264,-0.007140200547872865,0.34754378978236306,0.035443437255905826,0.2748329799304286
0.875,0.19166666666666668,10.627888334761796,1.8874685168993888,2.985391732794359,0.551655714203627,-0.2184155998841724,0.5894053245067141,0.49941000754005765,0.46493958265500873
0.8766666666666667,0.325,10.890832351505788,1.162538745236601,3.36715200913295,0.3235768289333625,-0.16106157474100646,0.27526187595097773,0.531487318841134,0.30208084827232423
0.5483333333333333,0.028333333333333332,22.29960189218618,4.799386232381516,2.8189860452937943,0.4141830057809894,-0.9859673005501098,0.39971808592818525,-0.09185000839674044,0.37131612865574376
0.5,0.5,17.5672900516464,1.9947209123690444,3.742512160841194,0.4333546358035938,0.35907645385295084,0.41480401347131524,0.6372688283062892,0.43028684313107596
0.6033333333333334,0.4083333333333333,24.561038698793244,2.7310309930190537,2.409095818322823,0.3072211245140787,-0.37887341939439717,0.304457482914356,0.18063270089328523,0.2772086701044091
0.17833333333333334,0.041666666666666664,30.677623095558758,3.550216489661178,3.012096200290446,0.29595301846988115,-0.7748055737336789,0.3645039037248917,0.21168447700723203,0.2426782268889393
0.20166666666666666,0.20166666666666666,17.000881205230517,2.5951322183114143,3.9338072869023066,0.5763419058304321,-1.2345484030563976,0.3673299172796863,1.2304152210378945,0.421374620901979
0.125,0.39666666666666667,21.40910405970477,2.7787731688613246,4.6223770161339095,0.42399998015255685,-1.4106015038409108,0.390795380718738,1.336533338127635,0.28686342643882057
0.305,0.69,11.272746934176984,1.6415960532239275,3.9843569297228574,0.3872721400904392,0.11486577879580745,0.4419036793449973,1.3881699463875201,0.3313686068639567
0.52,0.285,19.818918872064682,2.4193514334849486,4.293672145510535,0.4204745708745086,-1.4599834146812243,0.3558989591442918,1.1397221181269106,0.32860687730476135
0.09166666666666666,0.6683333333333333,20.8607549795072,2.6004893145169605,3.0573653036833623,0.29867050755248964,-1.8684319871465598,0.27933510317226934,1.1159219426564033,0.22659197304046103
0.9433333333333334,0.49666666666666665,4.564836069593193,0.7144989871619247,2.5754824378318832,0.48302895114553507,0.979774957890507,0.2318186562192198,0.5426629057689504,0.26964089914668565
0.515,0.9516666666666667,8.146945185241806,0.7264632618990703,2.984254505219157,0.3182607834773837,0.059929916980440506,0.24543846838714797,0.32821364099093686,0.23264568767350274
0.4533333333333333,0.965,17.078799465700488,1.3357978931173222,4.268630570886054,0.24559625682306396,-1.0879363147957704,0.2145525364590235,-0.038840179011638026,0.21008356921965865
0.16166666666666665,0.095,34.77545237498185,3.614689402303268,3.1117631218574355,0.2930850365581714,0.03480226762799097,0.27763844358900247,0.2708565501473037,0.2725003690518309
0.365,0.02,23.17137106465289,4.770446359871773,2.7514360375459415,0.6143539215735317,-0.017533695246790132,0.34753600862295214,0.7889579703008458,0.3043772398770662
0.20833333333333334,0.9533333333333334,18.12207692054443,1.5644411651496573,3.621179296778592,0.2217985084262605,0.12296941606675378,0.19597613288564775,1.1028689557116715,0.20292962545775195
0.9433333333333334,0.16666666666666666,21.09087911061511,2.0624657479092128,2.9505235198380713,0.7263414342817399,0.3655571921581901,0.5099936614416601,0.8676388932124373,0.5005056251583817
0.495,0.9683333333333334,14.050378448906967,1.4843943269524702,3.366003887947623,0.3978548390370779,-0.1276392822934305,0.2790958487671835,0.22260437947501252,0.2481431154624527
0.175,0.028333333333333332,35.742536937775455,4.9884362478592825,2.0858001873080907,0.2703488099090022,-0.49664620637664475,0.20804500453942903,0.7833153519966902,0.20518409044811317
0.135,0.07333333333333333,26.254558103996033,2.7717688077135274,2.386677342932059,0.29101694226030256,-0.9267449397076484,0.23927371019211371,0.4751996767906112,0.20728218255886774
0.33,0.10833333333333334,32.32999403043014,2.9841412658009716,1.5688753422120372,0.3318356843168246,-0.17901990186788996,0.26294822896718073,0.5579310688768474,0.24935234335271855
0.9533333333333334,0.018333333333333333,23.58631619212487,4.866996124165926,-0.6964945458381085,0.9292095725500205,0.3017330756516592,0.5053015741599404,0.2111951156381129,0.7345718246438319
0.24333333333333335,0.023333333333333334,30.731606368898795,3.2695155450283355,5.209518799950078,0.5000305549380636,-3.0794597126488923,0.6815038488744288,-0.798455662526246,0.4759529345529931
0.49833333333333335,0.7466666666666667,11.342846215483164,1.3274567453066957,2.4579657267572994,0.4248626732169207,0.49023852762090586,0.27814643435207664,0.14014396369813165,0.25788092785955397
0.45666666666666667,0.8366666666666667,11.141779598432633,1.1880069641631503,2.7021079588766614,0.4708232987865855,0.15749944902094792,0.3498829010128845,0.01864645095733809,0.3637224027908833
0.24666666666666667,0.7883333333333333,23.657937142161998,2.278594322682586,2.8855348438246997,0.36923641686009967,-0.11921472853266092,0.2648884706490429,-0.028018566783719178,0.25737865189482484
0.6316666666666667,0.905,7.928006804875588,0.8175911763880702,1.9538314767514875,0.3400408693234869,0.10788639762419171,0.2716182247684826,0.3153660353539141,0.25644004518726143
0.495,0.905,13.51753672801118,1.5554382682098373,2.4264818772354055,0.40209873906401905,0.6806059649716786,0.26987462870455986,0.8829715040008161,0.26145986450247133
0.4633333333333333,0.10666666666666667,25.800232426057587,5.8712103371111155,1.9612704666604737,0.5228704779461822,-0.886823723589982,0.5206651045529552,0.7248400211217094,0.47694129871371893
0.8483333333333334,0.595,15.204044179849138,1.2471307098170559,-2.277323935946398,0.438865933853531,0.5381905868238891,0.3342647312773908,-2.182878111433832,0.2750847664612668
0.8966666666666666,0.695,10.353154544807008,0.9740151472986858,1.5030814689813825,0.36976346157906115,-0.33506153072402145,0.30076761751824543,-0.0892076295923425,0.2401609299069786
0.8466666666666667,0.8466666666666667,18.346294380474095,1.4728224788546267,2.3749664843929943,0.22120797688277238,0.7761258496957842,0.2047576101464979,0.21973798336274555,0.20833297143491955
0.915,0.5766666666666667,17.454414809251755,3.590596357982873,3.7824749152804404,0.6177376234754285,0.6603352163904229,0.3589884972508412,-0.1827988388999882,0.3505242758834136
0.8666666666666667,0.5,19.568639855898432,1.690197391124304,2.6841978842314105,0.34119319986596836,0.6315795285256753,0.24741599421205784,0.1326519165095778,0.27707137401951165
0.9333333333333333,0.4716666666666667,13.72164133908709,1.5183325330290065,2.7969909831177664,0.5817436777589399,-0.3463307238336863,0.6373217977091038,0.3626096757755294,0.5183420708244446
0.16333333333333333,0.055,22.855874847735432,5.407592096356385,2.4572598429661734,0.5030370948114317,-0.32852895740979987,0.2994354192155366,0.2824673731235795,0.29038572679406033
0.05333333333333334,0.47333333333333333,49.61337610272635,4.449218709014402,2.9788943565520016,0.2369962156887951,-0.5012642129196987,0.2481158081734082,1.1990007305496964,0.23116143103688788
0.385,0.06166666666666667,25.312083025821718,11.122554966722706,2.2041085513597953,0.5787164248074634,-0.3907673166317798,0.31475950001098235,0.6131401963113741,0.30671505149892325
0.5816666666666667,0.895,5.047037787354678,0.8179165385242192,1.7086323263660523,0.33291926470851835,-0.17017642477908412,0.2570109724644551,0.04784110284180512,0.27519510239674966
0.8,0.8233333333333334,7.26082238164106,0.850514777295666,2.49758958185213,0.5075828212031086,0.4214149997367889,0.33832521889668377,0.17374533856516883,0.3262445041441277
0.7983333333333333,0.59,13.044976195970479,2.4269510567427566,-0.7050466412581903,0.9419858835177408,-1.4947637677450594,0.9122434400880005,0.5247858843335668,0.6906911058000802
0.495,0.06,34.03338709904403,3.4917063161614346,2.470543555897184,0.23328269890180822,-1.2399900209420436,0.27376534557862936,-0.10123879662589154,0.2573922081814914
0.57,0.035,29.23914372752984,2.589720790736739,0.9432621574314086,0.33236361738833,-0.4659523889833862,0.3525642987963594,-0.5194269294906649,0.36518615048078407
0.21666666666666667,0.30666666666666664,14.116783969666363,1.8101076165006011,3.03346839742382,0.3890874158756042,-0.12433341797453178,0.3529786233859527,0.3394077364377129,0.29539212308428836
0.5,0.95,12.69995833708175,3.506153039179084,4.3844847402885785,0.4332202129508164,1.0037830782279373,0.3858677536260949,1.0863094876927193,0.28850589114360004
0.7366666666666667,0.8683333333333333,10.667666324903367,1.4770998808003333,2.4360171040516025,0.5618341718743044,0.4586927237116749,0.3639073631179944,0.6556118169796471,0.33738210241401184
0.8283333333333334,0.11666666666666667,16.16986951836643,3.747603619451534,-2.702220355889269,0.9644632776553194,-1.00744896858427,0.6825495207243509,0.510373606133927,0.505881200135752
0.8366666666666667,0.5016666666666667,11.14357082699293,1.1172778419069538,2.649190494549402,0.29143802128039664,-0.13132034790560046,0.328230308995448,-0.00662775344487869,0.30002268469646715
0.13,0.56,21.21623286898351,1.899140282263175,2.4399954867742584,0.22988535145753328,-0.784508004703152,0.21949327313932435,0.4418132552948888,0.21759601327474223
0.10333333333333333,0.885,16.192684810190887,1.3994798309273728,3.3131433712150113,0.2696114076754997,0.2621533724926936,0.2244370265431776,1.2540298117805102,0.2112580249570114
0.10333333333333333,0.8916666666666667,13.539433378102746,1.5289271349287354,3.440139657522957,0.3106131282054402,0.3275958966235229,0.22311346316305297,1.0813195266823503,0.2011322197279535
0.365,0.9516666666666667,16.173971804993588,4.47144946989307,3.020718144006437,0.24606451911908178,-0.14037138503291355,0.2945249716237739,0.48276688812147,0.2555912614628476
0.6583333333333333,0.805,5.662068414099022,1.848590939169181,1.5897812846072852,0.27194159543905133,1.0684456629023626,0.2617177521912543,0.18290392895206545,0.23370613258933706
0.8016666666666666,0.645,9.424230103110917,2.05455173217161,1.6199784724530455,0.4874539973334705,2.510790241594508,0.39675549942681154,-0.880665544639517,0.33398923276124615
0.8033333333333333,0.9383333333333334,2.770311700747239,1.132605578032936,1.143684813813962,1.0574352813144985,0.43715155265587496,0.35347610815528024,0.30808274886606135,0.3060269966944302
0.2683333333333333,0.9233333333333333,25.93191678264442,2.9155226479850196,3.5822062775483685,0.34148025405399635,0.41891433127694433,0.2434679826770697,-0.02323856762170212,0.32003743187044065
0.175,0.7283333333333334,24.238472044899062,2.3067254015354717,3.5586453771995834,0.31501521075643296,0.5740796572356524,0.27281655201764804,0.2611027944025836,0.2689736048410212
0.93,0.4266666666666667,8.631757668797505,1.2942337886349171,1.673425199460474,0.6140256893480734,0.547748291620741,0.6862852657093703,-0.06709804205975077,0.32600865267007223
0.9416666666666667,0.5133333333333333,5.567295358031959,1.0334110914357109,2.0569857034061694,0.510774314256738,-0.09065139039415392,0.5710358141096515,-0.08529181087953504,0.4480986929487369
0.8633333333333333,0.31,6.9566053937062176,1.3683079209061884,0.6142210551062312,0.5283722585300997,1.9753125307324453,0.4972835599092324,-1.322247421940215,0.3907111183700642
0.8666666666666667,0.5583333333333333,9.633986528276878,0.9788910774989316,3.1853172727283408,0.4161077050263019,0.13652370418219617,0.2999751613997907,0.5024298022312034,0.5295479488776461
0.8466666666666667,0.965,4.273729743176251,0.4474762526408674,2.188459782391615,0.3111483360984853,-0.09500961502365089,0.2287434916887868,-0.030544131638177763,0.20789644879143285
0.7983333333333333,0.45,14.125633275359695,2.4272880264793266,4.254558857044476,0.4448545193755753,-0.12099693889114344,0.37377546424660707,0.11884675327168358,0.37770158726033054
0.6483333333333333,0.34833333333333333,7.8206486810966735,2.283894651268933,3.598969575007229,0.8489590265296617,0.2068632097935242,0.3688696203500495,0.3374541397996783,0.25901464306683164
0.5083333333333333,0.175,14.327928968936373,1.5622791971014978,4.11808347433106,0.40527628366781304,-0.7596608588760286,0.25468041204847447,0.24308186500702866,0.27166311185580166
0.5083333333333333,0.175,12.209962721471731,1.9753323537299472,4.381299428331953,0.5229164025885706,0.5001287292982819,0.5190707910923562,0.4840724268221072,0.3614625152880315
0.5083333333333333,0.225,18.431266372360742,2.0374376927974054,4.577718319831292,0.4511943327947916,-0.2263768573833577,0.32209341202006525,0.316775868995684,0.2952359944792634
0.38166666666666665,0.295,18.979206169910576,2.4880167514288756,5.431434445378951,0.3422945456200353,0.27707716251867925,0.3451887389657136,0.3214889683175722,0.33676061533524143
0.5633333333333334,0.465,14.893232611595964,1.951183827683192,4.553187095131465,0.5289423796032875,0.629328881790253,0.27156468242187654,0.4638118385018853,0.31472141080322713
0.265,0.10333333333333333,11.768827727209958,6.26223130741269,3.206130706566012,1.2944760514210525,0.11661329280300327,0.4394123203416292,0.18230976136981816,0.31691731948778723
0.5016666666666667,0.6833333333333333,8.75711579948608,2.0887744514569087,3.587181182564235,0.3042388310620675,-0.07946893989691786,0.26316810227434584,0.2735470385409115,0.2627547789585459
0.49833333333333335,0.5766666666666667,21.013767307207928,2.816973696144047,3.310190132094132,0.23180869086565023,0.23849555179915985,0.22666859753854937,0.41330279965669003,0.22378736577222552
0.44333333333333336,0.5766666666666667,17.05658605221666,1.5851251546805547,3.8096979901567534,0.2393163894987889,-0.2795717501020486,0.21961512267397046,0.4456605216895573,0.21582090779446036
0.6233333333333333,0.4266666666666667,11.450456352514173,3.4350518366371943,4.646841933975112,0.5882021146539632,0.37292089592719146,0.38198213449721463,0.40213036819267506,0.3368123036419231
0.77,0.38333333333333336,14.936652723049958,2.052034935502332,3.932989558885573,0.46076490597362346,-0.6574722378614387,0.3354050744653153,0.42820255817556424,0.33001598535047033
0.775,0.47,10.19037253942203,2.6660466914203793,4.481024902377364,0.5480194229487343,0.27276454709612347,0.35681538387701106,0.16858404782981778,0.39405712772517243
0.7066666666666667,0.325,21.974229274356585,2.3106226912012353,5.286500672029086,0.3608895374183795,0.5224430191928996,0.29202203797362636,0.487716228199004,0.31650087770762303
0.48,0.645,12.730064010260776,1.545973379032613,4.820684466978611,0.40096012433541883,0.48662859725083274,0.3072971244547466,0.4201085332391667,0.3566255907513935
0.22166666666666668,0.775,21.536350746988884,1.7210086146032613,3.5020016510469745,0.24668078777464478,0.024275539063658667,0.2130770385634493,0.32778777310913615,0.21334256322896203
0.13666666666666666,0.865,19.775640807740107,1.6792887663156892,3.935569175414415,0.2568796458448753,-0.4790092088379184,0.22226343532446077,0.3063550546269948,0.21610376684036356
0.043333333333333335,0.8266666666666667,22.564656569450886,2.59697012526366,3.752348370389957,0.298018275511886,-0.24447521993540072,0.27425137173661873,0.40039141416357843,0.21318365860787197
0.275,0.5483333333333333,13.708676265770585,2.073208670070523,4.325168314519098,0.5154210110653515,0.5779000713248039,0.3357238294252957,0.601355796065389,0.3416876640399475
0.5783333333333334,0.32166666666666666,15.761838256508366,2.288373082952722,4.74233307992666,0.4123981977963052,0.23670696801821015,0.38828069729789155,0.7460246903635263,0.4256400965770102
0.47333333333333333,0.535,14.824058359066926,2.0361488583439784,4.232452055774486,0.3823962132806299,0.5861438309283744,0.3569758475228538,0.41075852379679884,0.319787749689366
0.3233333333333333,0.85,6.483326756175869,2.09159028553216,3.628332430350575,0.981822166645863,0.6071894191502966,0.3845797452028809,0.26139005342991184,0.3471635316463923
0.056666666666666664,0.8966666666666666,20.58929371218637,1.961132687720481,3.318329007770286,0.24081855059892507,0.32117479061005977,0.22210212775435959,-0.18688030497474475,0.22263994614041227
0.025,0.365,25.546440727307655,3.429751786254336,3.289131584917084,0.24433312878307503,0.20909727782183235,0.23569067793483656,0.3996297355741158,0.2246421815232562
0.9516666666666667,0.9666666666666667,3.7999135804669986,0.40192582260484533,2.058698000994767,0.23935889574359515,0.5030111563891678,0.22170271918712375,0.4759992676628384,0.20322666894598912
0.9616666666666667,0.975,3.49372626125909,0.3489761092420264,2.214136094131763,0.28859110942375193,0.8945216575822506,0.2022092581649449,0.5346556653079172,0.2427736048813924
0.9483333333333334,0.9666666666666667,3.2806822869653334,0.37003842203946613,1.6701639037239338,0.28176184750338246,0.6733020783779639,0.229898213268464,0.5085227845314129,0.23097351941103822
0.9466666666666667,0.9416666666666667,3.373288349973507,0.37781489416346276,1.9929435118729282,0.3288086446642477,0.7737391229075236,0.214450219294058,0.3753437471506633,0.24750011333002847
0.5033333333333333,0.9716666666666667,9.069275430042525,0.766541821147341,3.8810507080087735,0.31812864686029196,0.3907937007335905,0.25120047246472,0.07790421700685471,0.217227724999843
0.53,0.82,8.555693947408292,0.8961771172985805,3.895356721768432,0.317115914920237,0.2489876237984898,0.2593576180446309,-0.1705437547600902,0.24070077660246492
0.38166666666666665,0.8166666666666667,9.839198760601926,0.9967825151664899,3.0522688743891804,0.426662413071625,0.22367514193171772,0.27016343686039707,0.10924830131262926,0.20965353466023273
0.27166666666666667,0.8533333333333334,9.637893773956455,0.8354888042253432,3.4654877928395815,0.2527531495498593,0.15967125992166056,0.25594136787044763,0.1459603970304855,0.22752618570721836
0.7566666666666667,0.51,15.063588674963347,1.931376836272152,3.5267437179489636,0.35056044250506,-0.031031915263893563,0.3388138647995143,0.18222699793204084,0.2976123567556635
0.7683333333333333,0.465,16.83399971764621,2.41689014914032,3.508935344139807,0.4889590316836728,-0.16330434167871205,0.3680755677465407,0.36433213060747954,0.3477727031031886
0.74,0.3933333333333333,19.54457081649391,2.846967485750881,3.7140149319246745,0.5012451428616057,0.1901937166606914,0.39563026892125214,-0.07004749091277414,0.3578908756398848
0.7483333333333333,0.45166666666666666,10.615720481387838,1.5050560137380773,3.736693610089749,0.4408606099861398,-0.47865874687918775,0.4873502070189089,0.14497631197368135,0.4081536430523938
0.7833333333333333,0.48833333333333334,9.940232651152188,1.3339430805561667,3.6007329462964694,0.4194354722482163,0.36896415815707717,0.38348537043598396,0.2617304723266546,0.3777437445346559
0.7916666666666666,0.49333333333333335,9.694324536831923,1.6036765434149753,3.396195367324738,0.39630359357603256,-0.0599830695914102,0.5092727634130202,0.2579647483096165,0.35772863467045063
0.06666666666666667,0.06,32.17131067077491,3.8046615955967473,2.9077106999377067,0.41462713570363346,-0.4538184590845857,0.2967865989357019,0.03549837636549376,0.21879323131237488
0.06166666666666667,0.6966666666666667,13.63251366481213,2.429749524609461,3.7999137550461692,0.25091084914632333,-0.42220557380825613,0.23313081453285459,-0.24652915587256444,0.21451443594211927
0.4633333333333333,0.051666666666666666,27.392654893936083,2.8215467310236884,1.5608838480614802,0.4586812907261206,-0.6596260627746597,0.40737332583064445,-0.2287602909363671,0.37090874939146473
0.36,0.14333333333333334,21.494360404373108,5.370974403867361,5.16009165464354,0.3280166885202248,-0.9103342615031914,0.29783948204714406,1.3012110922098457,0.29090834597605025
0.12666666666666668,0.8183333333333334,7.755364921215081,4.388721164099741,1.8548301106057965,0.5430087873196615,-0.6930611564412437,0.2898706764186859,0.2761010488094721,0.2788822923870637
0.9483333333333334,0.9216666666666666,4.903866985934856,0.572949574268397,1.4228992900960897,0.3405301813926603,-1.2239275279724473,0.33799690188258236,-0.10786807507065652,0.27255195184696746
0.8916666666666667,0.8816666666666667,5.81055309229587,2.6145271500712433,1.761027876047843,0.7134488955399497,-0.39512846084693565,0.8795595764090034,-0.02992623780562287,0.31456544757664145
0.97,0.6033333333333334,13.433851682423587,2.335807422627945,1.1445328012572258,0.29411800463124954,-0.800685171290448,0.3316695788630659,0.08116622195630593,0.2533472293283707
0.018333333333333333,0.018333333333333333,45.42453561079248,7.096798155536694,0.7289077543061994,0.4697140001208704,0.057308335283095826,0.35217084762055356,0.0747052292540452,0.3024184599266224
0.03,0.785,29.623968275622655,2.374374781316607,2.33608063592639,0.25597258004744017,-0.5515736761872809,0.2254752375713682,-0.3638689722158075,0.20953708852357344
0.04833333333333333,0.6783333333333333,34.972802365575475,2.6169423558057727,3.568387344976645,0.23442493030380612,0.48180786384623586,0.20975750021049142,0.571794102109863,0.19946593521143186
0.11333333333333333,0.67,31.186783283100862,2.639525343559153,3.308235489108325,0.21135582195478736,0.24493763124303528,0.21401289650589367,0.4021000537564014,0.20633062998661164
0.47,0.6916666666666667,12.72566587152167,1.5696408970427054,3.367472321273569,0.286114570341179,0.6041398672776522,0.23709671416957823,0.4961138140547057,0.24033120225159213
0.49666666666666665,0.8083333333333333,11.35565998587221,1.2855760462329178,3.0221238932796584,0.3914329594471922,0.5186575787199111,0.24941799470137496,0.11258605503017463,0.20856018429298706
0.24333333333333335,0.6566666666666666,28.425800888121376,2.371100620536982,3.1735461999424586,0.2539055021993798,-0.13245405955787143,0.22479811653386875,-0.06289392991094293,0.2108987017674957
0.3983333333333333,0.7666666666666667,21.110930571841262,1.7191930802600692,2.2402079794608434,0.21706623150287058,0.482456165175349,0.21035805405972174,0.2926136243014683,0.20270258966947918
0.4533333333333333,0.6433333333333333,23.841620066505584,2.550568162792033,2.1490772893759833,0.39113640739644095,-0.3214290753792534,0.3782970487468594,0.6028472302333333,0.31540959761899395
0.11333333333333333,0.8383333333333334,21.07416439492795,1.3705743988968855,4.265826062669619,0.17444538721246788,0.8758850912213361,0.17100078699114496,0.6673033044136125,0.16750532722657166
0.16666666666666666,0.9433333333333334,17.73383675794502,1.5537744983359296,3.2413858161086724,0.29786972482802826,0.4244912533911153,0.20526247196976546,0.3711086038797069,0.20843536354702863
0.09166666666666666,0.98,32.60276302234766,2.998823476708075,3.7456116091302736,0.27932589956327686,0.3902815879743995,0.23153763713305323,0.2206074559650416,0.23603894962536145
0.07666666666666666,0.98,30.274787111165423,2.6437628358216156,3.7433160124509515,0.25707081749656463,0.28010788268326886,0.21534687305399752,0.37500426663298364,0.22205850865622115
0.395,0.975,15.625587283479671,4.32981822275337,3.8587301861429295,0.27759135941775775,0.6491138217706349,0.22464184149208338,0.05004128811494994,0.2187601760819981
0.17333333333333334,0.9083333333333333,30.881820157969518,4.245023992974811,3.294556956689789,0.27266287192463773,0.5092375044745462,0.21154108205053218,0.32781619496137404,0.19563357702992298
0.5,0.9316666666666666,11.670706742861013,1.0684234306993974,3.370156670464427,0.3455728484878736,0.7009914197217516,0.28853242597297035,0.40269063359908763,0.246776513143456
0.49666666666666665,0.9683333333333334,18.46081046620876,1.6100280173798516,4.01283822443742,0.23720332399728505,0.10720751609622615,0.21438187345257015,0.41359297977521375,0.2016966708897905
0.45166666666666666,0.9316666666666666,23.87160460985343,2.289667235833268,2.4977307870663457,0.37725870084489266,-0.0239727429244872,0.315816013225332,0.1779997699308913,0.22411223454291926
0.058333333333333334,0.945,32.41759084072584,3.9949329832205653,4.484072975143552,0.25078805895176653,0.11499271765150744,0.24955851706243745,0.07067672356807199,0.19987325616495805
0.065,0.9666666666666667,22.340514608613873,1.961136069922532,3.5144570164928655,0.2644090072811902,0.38794958767467363,0.2326777569227722,0.15009702909252992,0.22467215520230435
0.165,0.9733333333333334,17.345551668664477,1.4015669118220107,3.218139504281787,0.2137046786589702,0.19927608027262284,0.2046592142707013,0.10436685639555292,0.20597454939321305
0.17666666666666667,0.7233333333333334,34.380616000257845,3.324280916680211,2.936222727222864,0.28988294024571815,0.0801955936420134,0.23304167947162052,-0.5274438961912451,0.2553043631215499
0.075,0.78,26.73176116306612,1.998479354515861,2.0229174435691166,0.2294085774165383,0.856842625951285,0.2179978883650014,-0.24128493466218578,0.20185736122186554
0.5083333333333333,0.5833333333333334,15.622347124272158,1.6791016787745057,2.803968351826914,0.4300449806272918,-0.7453117210271665,0.3725059720722326,0.3915098429512265,0.33830657228404637
0.9716666666666667,0.36666666666666664,11.63967374760282,1.4119345615151537,2.772086906811472,0.6545475355252746,-0.2701422929169703,0.6481288019304704,0.04492078439369742,0.37793740126241965
0.8633333333333333,0.39666666666666667,17.03748477237524,1.6254081346757665,2.494804088810004,0.29029637969643335,-0.20451048365693003,0.30423711222808264,0.38391104975237905,0.25557508849106025
0.5733333333333334,0.5,20.349194396401355,2.0915705853634505,3.548077011202936,0.3215081052283548,0.38682011373570196,0.28042812661797567,0.6428066003947167,0.23341559838013748
0.87,0.21666666666666667,15.614351353130196,2.8256552688632866,1.7180741333797116,0.7689912663628244,3.0235286479425896,0.592610458581672,-1.0701602800342207,0.4184617506082383
0.885,0.21666666666666667,15.78083345776139,2.7350917627217695,1.8394696451168535,0.6209776464668202,3.201540958402444,0.5071835024367528,-1.1130413107814945,0.37414259521202325
0.885,0.23166666666666666,7.837651613358929,1.4199030417614535,1.4710630195976895,0.5855623177842127,2.713168314088443,0.4418616139161395,-0.662452561305936,0.35650858193529816
0.49,0.9,6.704278654967988,0.9117280216227529,3.761864783461235,0.3876212847070131,0.3016022462394965,0.4244514283886086,0.14439824389323241,0.2741211633840268
0.29833333333333334,0.9416666666666667,13.51675811285351,1.233605533569191,3.8928648035989593,0.40096288470781166,0.26946826410678454,0.23264434168752093,0.7668048470455449,0.2357471705652105
0.13166666666666665,0.8933333333333333,18.006091252483387,1.340543149066323,-0.20099073630037934,0.3395439417010551,-2.227112295761223,0.22584295700776638,2.0453528338087668,0.2510489350768277
0.2733333333333333,0.9733333333333334,7.9697441516152905,0.8073649577393477,2.3401098600002346,0.33287662499846454,-0.3590311888390896,0.2440908030033716,1.0240099304762444,0.30224792578290166
0.6033333333333334,0.97,9.911697544118615,0.9401458411428006,1.4104824086456889,0.3952432451929361,-0.03495680313016554,0.32722954182827085,1.2654211797106092,0.3171900238960073
0.5083333333333333,0.975,6.474859121014055,2.565713601643281,0.5003979164428822,0.6253174555595683,0.18593330550083997,0.3658911580074982,1.2671060611151452,0.3447007562573961
0.41,0.49666666666666665,24.693223777979302,2.0364474001314523,-2.2170115695704866,0.24781019686748648,0.6700248064441598,0.23589030090273777,1.9592258532207552,0.24191519057320623
0.42833333333333334,0.38166666666666665,11.173906030266254,2.7153771663523574,1.280704155113735,0.7562052964757355,-0.8147548711119275,0.4609439287272643,1.4111001111572212,0.26768744628703034
0.42333333333333334,0.7816666666666666,20.632270484496186,2.2225099326248356,2.294562214081257,0.35020470434564066,-0.23441749462866657,0.457826430495738,0.28637101614073884,0.23918393275681024
0.495,0.805,17.30564122397898,1.4383995087710275,1.6638678621669352,0.25807469681878686,0.03270282318175776,0.21665489936524512,0.3276753267867942,0.2286229061953907
0.4216666666666667,0.47333333333333333,38.26695921587747,3.0907018121419503,1.4155671318937424,0.2588646971767726,-1.166272369118009,0.24666953779911419,-0.3344062752090885,0.2117186683024947
0.8233333333333334,0.9633333333333334,5.7047510712767275,0.6267676607684567,2.43159763328953,0.2725349131045107,0.8594780724515626,0.24057069253011254,0.8144915662921529,0.2408463245987628
0.9066666666666666,0.975,6.200026679479799,0.5413857943467048,1.7388570538627441,0.26211453113652755,0.3865263909898251,0.3287650393993812,0.8437968774711273,0.20924634192134414
0.43,0.5833333333333334,29.96096653143475,2.1798917035992673,-1.2309167306398743,0.26089250912790496,-0.06542058622692558,0.22871287742725088,-0.02281080680291414,0.21287802106736162
0.29,0.49333333333333335,37.225409880494226,2.879391449414685,0.3729515132769468,0.22447763361694922,0.7445621109479791,0.24014924806708254,0.16407918159537738,0.23112147990115545
0.6366666666666667,0.41333333333333333,13.711518841275126,2.0440276677515237,1.8294306535613891,0.7019193228855134,0.5458062232644766,0.3404832083406117,0.292895437567491,0.34200798399135474
0.495,0.03166666666666667,45.978205712193216,6.178484749849599,0.9335615057829298,0.48696184188196445,0.14491198016384813,0.2992157189833323,0.29184490156091053,0.2781323671159575
0.645,0.675,18.431839591299447,2.1126140096622508,1.7697755103059996,0.2909698639962014,-0.11159368842641397,0.40012381580955486,0.3375326810645646,0.33963854325525167
0.7033333333333334,0.7716666666666666,14.182425573129576,1.2231977681019421,1.7429910157835862,0.36538027761578035,0.17015590587882976,0.2532953485783592,0.39101077086419983,0.23193420411037416
0.82,0.31833333333333336,17.686516301161426,2.086229736279807,1.0368832470736606,0.453739921562498,0.20310277470889765,0.39043348454608107,0.34079410853201025,0.2794115807505472
0.10666666666666667,0.08166666666666667,47.16900736267308,4.141175390069064,1.8092909390136567,0.309181255241922,0.04968299813348278,0.22081083007623326,0.23193536447227536,0.22234228893647107
0.49666666666666665,0.92,12.727644576310974,1.3618010233458713,2.291625419386165,0.41475314286152215,-0.20583704110412562,0.24774519787786153,0.46877797602751065,0.21812078165841786
0.49666666666666665,0.35333333333333333,27.9018914666367,5.280930445874462,1.541461512602482,0.5796778246762506,0.35226416130993976,0.3815826368946981,0.25848595923203793,0.27625873158464864
0.49833333333333335,0.49666666666666665,25.030625636850683,2.0644719185642413,1.849771772332317,0.264500275697303,-0.22811068080375857,0.2308035298053791,0.3963481988176356,0.20770901263698344
0.4216666666666667,0.6466666666666666,40.21515922680871,3.106038697317489,1.9501469931377913,0.21242304116626898,0.51560234475626,0.19689353176485097,0.7090342542432331,0.18922211148815257
0.5016666666666667,0.8133333333333334,11.666338732391058,1.0202363903432474,2.5742777131195136,0.1972308014784321,-0.22717793935895134,0.20316671078063572,0.1589943102312382,0.18660781912330207
0.6683333333333333,0.9183333333333333,6.492779626675695,0.5168571446203047,1.9666166328226198,0.26643048654798496,0.08728989572042611,0.20342589182548784,0.21290408567847424,0.21879392682628337
0.7483333333333333,0.95,5.09352631339685,0.4413516998899683,2.6258899056082146,0.21516651302934328,1.0896416428455176,0.19824438767472105,0.7202644024403067,0.2019678686702149
0.41333333333333333,0.04,38.51314962174762,4.069979105656907,-1.1732223854201997,0.3699783238632547,0.03759367545733517,0.35395240235280734,0.1761318906297249,0.3382386694233662
0.915,0.5033333333333333,7.720189481768633,1.1944294311421206,0.8366472294132431,0.5831783441410316,0.33660855658106775,0.3523624059205599,0.4189728725053756,0.3197143265896528
0.895,0.15,20.872532014016556,8.954134746288874,1.3188753654359675,1.0140835992882076,-0.7631833929457382,1.0355087150052322,0.12111263260671966,0.6734653488537263
0.8833333333333333,0.7866666666666666,10.30968921456731,0.9806693587302395,2.1695374120280615,0.4072323273124104,1.732678837606231,0.3805036979545177,-0.6894915654460787,0.3470196997719992
0.8083333333333333,0.7466666666666667,12.17557128688798,1.2322113428739505,2.3467445525331443,0.38796797360927254,1.1641548092799077,0.2703392270662026,-0.5017978161483166,0.26526954472943653
0.81,0.8016666666666666,10.205852570250222,0.9416397040168911,2.5755095229550093,0.254745826151179,1.0883660397317938,0.24674901803797045,-0.29109794574661874,0.2413643174217602
0.8066666666666666,0.7183333333333334,11.234918949914606,1.1993153592567158,2.02044099012795,0.2757636540613957,1.2813418285154585,0.24114960626798526,-0.5134624479978943,0.24366782598433914
0.81,0.84,9.222499925276663,2.37169495824784,1.7104119504987505,0.42300067297837074,0.7607703079577003,0.3493288497456291,0.28530886077227957,0.29728141873261776
0.84,0.785,14.988778977171648,1.395597305002955,1.9746022836612689,0.343659961444752,0.0860918036668846,0.26989955556823597,0.7836242814334651,0.28184960117196556
0.8666666666666667,0.82,11.021018708396584,1.0062207512833004,2.4344944849349757,0.3367121634224923,0.9992619543814493,0.2593299229299535,0.7239616919353979,0.2637148276259799
0.905,0.56,16.387011858554267,1.601050256172637,2.884014387834602,0.5877530127017769,-0.11685826407290024,0.5364312135849667,0.2021923304071109,0.32894462737975305
0.435,0.5166666666666667,22.120722788221656,1.999462076090559,3.6376703402304553,0.380084658697587,-0.6772613665871279,0.353905120142739,-0.4789717133113237,0.32826011117495646
0.6333333333333333,0.285,13.185130809442326,3.835030900366969,1.8665313095361973,0.9448810406871171,0.8506891449208585,0.4857362033153155,0.208440916132873,0.40208953956218146
0.8933333333333333,0.5016666666666667,9.71796507868291,0.9814580820553764,1.5722280924937417,0.49170325253997715,0.13885153862528832,0.3255424659611659,0.3915474188200546,0.32915425287479394
0.9783333333333334,0.5033333333333333,6.4042686265987125,0.5585824294822985,-0.16840783974033083,0.24400764911967732,-1.1487198590116536,0.19133432714728754,1.9165406579305921,0.2060103833707525
0.9016666666666666,0.445,13.06666796774736,1.813643442371193,2.281604764215019,0.31925582668304403,0.9112602723286934,0.2897422426942175,-0.44578099346778655,0.26540067488399915
0.9483333333333334,0.4866666666666667,11.553782870703646,0.953519583092441,2.939431135670648,0.2304933810522041,1.3672737002958235,0.2185756865455759,-0.36914025841713927,0.21268329093398866
0.9716666666666667,0.6666666666666666,11.216405577787889,0.978767105543057,2.764868572516532,0.25367270931515734,1.6730807685667082,0.2275684920980588,-0.13596595890665972,0.23311606832747087
0.97,0.26166666666666666,14.26673093965768,1.6817144912106095,3.7899074006246436,0.44207095977552824,0.05040942313190937,0.36184159758947965,0.5686741701615462,0.319396723309559
0.8083333333333333,0.22833333333333333,20.784620359848716,2.146876604324865,2.9447021844016916,0.3034018349384482,-1.2160402896700868,0.2615265535946324,0.1344468367551168,0.27238130387879084
0.8716666666666667,0.14166666666666666,17.277256873394983,2.479384034991632,3.7464277214945807,0.3510237705696323,-0.7404998520889656,0.3898267220136373,0.5789115724856548,0.29120988586093804
0.765,0.11333333333333333,27.741245942445392,4.198470225495742,4.20471328464699,0.3362958126608724,-0.8467533930965421,0.34213867979472407,0.1544246037775812,0.28909478536809696
0.49,0.49666666666666665,12.020592942381505,1.006418906090128,4.086148291862599,0.31984897645485916,-0.01778285315418974,0.24165278662887682,0.5357609922565545,0.24492457336263723
0.27666666666666667,0.37833333333333335,27.247419815057626,11.584139731500201,3.261228619262296,0.5133744841711642,-0.3285131067572675,0.2779911615516265,0.47062241085120404,0.27766567215075383
0.6883333333333334,0.3283333333333333,16.890740692292265,4.17474389493903,3.4006247344853446,0.6455469241688669,-0.4488231054638487,0.5035661989048608,0.5554769185889332,0.38938084451242716
0.7516666666666667,0.41833333333333333,15.1029432536146,1.8900258986469678,3.7963984329904537,0.3973214636602059,-0.45352457185503053,0.3255651423245114,0.32000616713704166,0.2636832603089659
0.7633333333333333,0.5566666666666666,9.261553427441596,1.2490273499754483,3.878971970903551,0.4223867790551006,0.09550564837308327,0.30051965579615836,0.333400493437343,0.30148717293922367
0.8333333333333334,0.49833333333333335,12.094644441790097,1.5479047263959378,4.712099965675683,0.424195111010985,0.29439873082389084,0.2599974360583169,0.17388043413578477,0.3533453027691084
0.8633333333333333,0.4716666666666667,14.309518242593098,3.1530083502577892,4.309593830389499,0.6654773798277981,0.029427776558441577,0.49338100508282445,0.8296345361467008,0.4081289595707056
0.8283333333333334,0.4,13.585266504718895,2.450431207961827,4.147243938787326,0.6152815657886265,0.2566053297430801,0.47905778207052324,0.9799811858511059,0.4880871473187915
0.8683333333333333,0.3983333333333333,15.504152067582742,3.775051591850947,3.651653380907199,0.5385724261274498,-0.44413329934511425,0.41428186088888225,0.4701950031902553,0.3076696694376654
0.8483333333333334,0.45166666666666666,13.86744694610901,1.977534341798384,4.388103437576007,0.4249414997931506,-0.01509763458332164,0.4068820916863803,0.7971167005905958,0.3421841847345198
0.8183333333333334,0.42,13.980688330827208,2.177261453140426,4.346694680538308,0.49711725015584496,0.04602840947351574,0.44250441524264605,1.047353545094429,0.38977426418602223
0.8583333333333333,0.4,14.323102647508454,2.0921215487726403,4.482910313005689,0.526264813231784,-0.5245794306626951,0.35530987545249537,0.7220032167323241,0.39669007162471276
0.8583333333333333,0.45666666666666667,9.946719288030714,1.4519497130319692,3.8809475507906384,0.4234244003741213,-0.23495551084686042,0.3536700743201996,0.5327044393703221,0.37878024474209776
0.835,0.5183333333333333,12.312709751700782,1.4559977788995055,4.553045267612306,0.37295564098978834,0.17801949021325247,0.41896664483928275,0.4979601003971499,0.30055981138941307
0.8166666666666667,0.43666666666666665,14.352575926326464,2.0161844729612626,4.506636684940966,0.5239902461401351,-0.5254577283365347,0.35870970228447463,0.7131586766333806,0.38322244764600183
0.7816666666666666,0.44333333333333336,12.71280245502117,2.067187838392354,4.335347885760393,0.4360514282891575,0.07318346669160097,0.4573684692825926,0.5282345170924873,0.3319949916278665
0.7683333333333333,0.41333333333333333,11.082375052215435,1.2940140160676838,4.3418697315857875,0.49051147325171784,0.2172626226159374,0.4613365995012132,0.7072912165210377,0.32712300295923175
0.7183333333333334,0.385,10.37508982200731,1.5598373390613363,4.1898050661165,0.5270471452352524,0.5825081464141395,0.3660310019602758,0.5721975244279283,0.3239620105390887
0.7216666666666667,0.43333333333333335,9.506829489907913,1.4729841247555848,3.952491241841152,0.41240448059240636,0.0666175483781079,0.36790176476437786,0.32880885221825956,0.3050755629392032
0.7416666666666667,0.4066666666666667,11.94903338412721,1.2841573159963604,4.18984487164863,0.2951430796127779,-0.021554042748472085,0.26336929705194395,0.3619506859349591,0.2206571352714083
0.52,0.25166666666666665,16.66910395715732,1.9280096883896571,3.478514634504403,0.4706294034412165,-0.02308903119052358,0.3382948197166022,0.4652922060893042,0.2786963600091161
0.5433333333333333,0.54,9.702230292431912,1.7696174453232159,3.826057303988862,0.5558179701624401,0.5247113921383172,0.36043735745023786,0.5324972748425044,0.2553662563570741
0.545,0.44333333333333336,12.723846407507846,2.053895512172092,4.475320136597974,0.5470011247538606,0.4157258231429164,0.4585729886722977,0.2302416298619633,0.38435949589311247
0.555,0.44333333333333336,11.31378380910446,1.4835142844759905,4.724938850052867,0.5040079306492258,0.5869192360579784,0.3664115492407877,0.4719747875352967,0.4359878765169276
0.555,0.395,10.491057192098676,1.3092152784757918,3.974886073934728,0.518002525668016,0.19797689317464176,0.3450649708058799,0.45696375808819595,0.27526706381976346
0.655,0.4033333333333333,14.116090780185369,2.0573787583698397,3.302690635540716,0.6015647132064277,-0.2574179489016472,0.3091920152343004,0.1983611185562436,0.29024219191598305
0.6683333333333333,0.35,14.980298964477207,2.6694486866373834,3.7061462357985944,0.49542105461961594,-0.017599448861289908,0.39101341990595306,0.34577139148295294,0.3733357893464069
0.69,0.42333333333333334,11.393613161982422,2.032594096645865,4.498275092010488,0.5804368449356483,0.3373791946901909,0.36421815312494443,0.35473787460474193,0.3463689285041622
0.41833333333333333,0.22333333333333333,22.310647166878336,5.947947117978659,3.6557467820114864,0.43069039249259256,-0.9483354656973826,0.38489624264303285,0.11727075990190579,0.25526162421231685
0.505,0.5083333333333333,10.782861077133116,1.4788091222987558,3.907834094448275,0.46102144926643923,0.3331603824535552,0.3494056738971946,0.16948172590497418,0.27918772094486105
0.505,0.41333333333333333,13.255893470866175,1.7719408845060107,2.673448925965614,0.545617209269039,0.7825401569693532,0.5425995988634561,0.2129206340871864,0.4822678278329618
0.41,0.5483333333333333,15.103098915627992,1.2776460487645334,3.802014014719579,0.36570391758958176,-0.32406214151844065,0.27966510006688483,0.2619133525394735,0.2516791125844866
0.3933333333333333,0.64,14.606910200883311,1.6178197709348119,3.594142844374837,0.3111001573196303,0.3646016063238674,0.276211293898264,0.7952231560001021,0.24385269730069212
0.16833333333333333,0.13666666666666666,34.62864958495991,8.560861193735509,2.0003046496709462,0.6311427242998848,-0.8723089576874202,0.6206385505021119,-0.25317173733922377,0.4345601328109193
0.15166666666666667,0.42333333333333334,20.77301916649244,1.867920301922357,3.1977160830788636,0.4259540377143756,-0.3874868257271785,0.2995943646765338,0.21275519273630533,0.21859186425469576
0.05333333333333334,0.6216666666666667,14.782112140046872,1.6781934117749744,4.971266628416747,0.4133959851002306,-0.3858665724568054,0.36091831898007315,0.7781205383982823,0.3207116767037981
0.505,0.5983333333333334,21.767510214282215,3.02077421983435,1.8526961954227033,0.8189494593932445,0.4972360031134224,0.4500171789389192,0.6666339688720272,0.41330975827852795
0.5633333333333334,0.7166666666666667,13.487723874731188,2.1645323009938684,2.7714277241355365,0.5122625366107434,0.16736220293853318,0.42203498494906605,0.8065596224251106,0.4534165779277752
0.37,0.8833333333333333,13.269113101785196,1.443903345190497,2.948304007762536,0.22718064618333977,-0.49191850088001526,0.2578166474751598,0.5482785914134267,0.23149846634754034
0.16166666666666665,0.9716666666666667,13.249910497091117,1.3487884755154826,2.7615915025442006,0.36155781905175144,-0.4067173119073048,0.363229589038338,0.5821653007153628,0.22001217729070235
0.10666666666666667,0.7633333333333333,12.176809800591354,1.4766718070646794,3.037006418012891,0.34499567985430474,-0.2973923482510746,0.28512879479004755,0.7134675923539464,0.3264591648858951
0.31166666666666665,0.37166666666666665,13.69408765564686,2.096412401384215,2.80410999269408,0.7220814333570472,0.03752951193481125,0.45489694815823417,0.6741946625232154,0.369916125164928
0.19666666666666666,0.25,19.12023875471642,2.6314888278091235,2.966687364597202,0.4988511251060266,0.02028291654540607,0.40837473477853825,0.7044717745916054,0.3502794866168694
0.37833333333333335,0.31166666666666665,11.016396891290615,1.4834522276072968,4.2619574970450325,0.4032723781693137,-0.05037089622779485,0.45057513114836184,0.36985530964785823,0.39910921799918303
0.8433333333333334,0.03,13.229081475120926,1.2215277782274478,0.4654801299147508,0.39766159859675343,0.7308713610249417,0.29616729358984933,0.8870059269141577,0.3366665566797549
0.9433333333333334,0.185,7.726861297627534,1.1722844826877556,1.4998666790033603,0.8025619712999976,-0.2040189523137446,0.47985617457601815,0.25048997727819106,0.8185105269801155
0.9083333333333333,0.4866666666666667,12.489348913942846,1.4676278256338573,1.3413273422726422,0.38192323213609736,-0.24279125347094493,0.2185438170385777,0.6350559276176067,0.25095794389310955
0.34,0.6583333333333333,10.308148072776712,1.1262828565529368,3.072463914007485,0.5284909465736174,-0.3348200666466432,0.31554475322773323,0.9563735775508614,0.44352910723481126
0.28833333333333333,0.6566666666666666,10.893915293902792,1.0925407244157346,1.9197293795574657,0.260400743768173,-0.22681743006961055,0.3304464210578875,0.581949721787002,0.26066206420974264
0.4266666666666667,0.4083333333333333,14.143234308108196,1.8459809775213258,3.0508714709275115,0.36735150933202204,-0.739205825651945,0.34052183058284974,0.3719800082612428,0.4161831990447915
0.38666666666666666,0.31333333333333335,19.133356972593756,3.9117803444610084,2.906920992419576,0.40201826159083615,-0.8346456754195039,0.41513213275659006,0.4102170968737304,0.37675855373456546
0.49666666666666665,0.31166666666666665,11.454432394580076,1.7598619726258675,3.424914470675962,0.6645491812904761,-0.38581913190873895,0.3989399453737354,0.6222991664429846,0.4872996147508931
0.64,0.205,20.073042759470265,5.901962893476223,4.294464325144762,0.6645597744302386,-0.1668334588643079,0.5093689331753452,0.4644812690932344,0.45907236947877156
0.52,0.06333333333333334,25.427635227005158,7.061972515709976,3.2596024090150517,0.5327189793742061,0.2455398761082159,0.7804755101656523,0.39720388387488953,0.3788877040785707
0.42833333333333334,0.06833333333333333,37.846028667435384,6.94426321552932,3.2614165082942206,0.5139017301308766,1.2585252258555089,0.4025008326941436,0.12365408513936692,0.3214344878851695
0.7166666666666667,0.3983333333333333,22.57253306020371,2.412083272601976,3.010037084556053,0.6343561897964829,-0.20586960213034547,0.31133749371208375,0.15030625849184773,0.3614496291781561
0.5916666666666667,0.3466666666666667,23.48339771032008,2.1185860035002237,3.346816403892362,0.4132336394854978,-0.020718862276923728,0.33746882295076935,0.11825675786760348,0.3289988209467715
0.32,0.49666666666666665,26.84909243110553,2.864819740772039,3.9182850203146042,0.34922466724071877,-0.2160923271282644,0.287314382253676,0.32790121281088525,0.2427260064266463
0.19333333333333333,0.56,30.786988706731282,3.2354479775738323,3.887726682446041,0.3011806389857392,-0.35365819030710993,0.25502098177629656,0.5184316797275591,0.2682434521097182
0.11666666666666667,0.7466666666666667,22.782695577149454,1.8347959065173771,2.576239261803359,0.2613855725524707,-0.912468574929772,0.2404139877237544,0.9884896218919498,0.23018636172187198
0.10833333333333334,0.30333333333333334,23.870860025895585,3.233863333518128,1.5000240687783746,0.8022868678254271,0.10882427639988533,0.34928375371316966,-0.20464052114957118,0.1933760757194852
0.08666666666666667,0.8833333333333333,15.990226833659426,1.247944046809831,3.190383000848325,0.22496942333478506,0.06900959955908771,0.2090815015785928,-0.09224415679620392,0.1973177026469773
0.6916666666666667,0.9416666666666667,6.7756367568426805,0.6644245223914541,2.7517625739604563,0.398758520761273,-0.2730783615825478,0.27364293236028436,-0.0063779002083024,0.24091193042566472
0.655,0.6433333333333333,12.065774183447916,1.6894760688298067,2.892167008331988,0.36454214656815415,-0.6742262483849477,0.26937742990420244,0.1448617061406399,0.2616513590546337
0.065,0.9483333333333334,25.211677200770076,2.548727650175183,2.742096912758334,0.3731626916294737,0.2900703817240221,0.3044740638497681,0.7365862115833243,0.30627645386512403
0.10166666666666667,0.9416666666666667,16.845799579569206,1.5894002054428376,2.419701077423151,0.2779177256583878,0.4977541531523425,0.2502242831042186,0.6769096570269908,0.2387093128456583
0.10666666666666667,0.7916666666666666,25.19173985006546,2.69997224223219,2.8842793692655997,0.3187541791275318,0.34931898095364844,0.29635619185687856,0.4545426454114278,0.26466567397008756
0.5016666666666667,0.5066666666666667,17.665866926344314,2.0189101795830053,2.578652412547505,0.4120841371228694,0.033623687418466226,0.34621340666632006,0.38215521271796554,0.36755323325976325
0.5083333333333333,0.47,20.10116043043049,2.213558607032206,2.554935606247434,0.3532839218286469,0.3101045820621305,0.2979941693501184,0.5853912929066691,0.2677975932192212
0.48,0.46166666666666667,19.241328100190135,2.1142940721644274,2.5418095424814804,0.42887020170167983,0.32219133529962496,0.3130920363720736,0.4669962993852142,0.2948025850825169
0.47333333333333333,0.43166666666666664,24.366148420593984,2.5485003437600184,2.393597870755043,0.36202794109276965,0.0113275720563281,0.3400903138127826,0.3137504626953182,0.3043451000929382
0.3616666666666667,0.3333333333333333,23.09907102259817,3.15937448601249,3.528571167029563,0.41408852278146036,-0.63209896475268,0.3280981243561922,0.7114942840255015,0.4142360790098468
0.5733333333333334,0.5683333333333334,11.952262262239834,1.6556567249254257,4.689069626201097,0.48903009236596995,0.1646843097585249,0.3449887266207913,0.3296795946923383,0.26290786575829733
0.585,0.4666666666666667,12.964881683657177,2.129278085130891,4.959539524807513,0.5671201851250983,0.23102232292146985,0.475037413835513,0.53441926579417,0.31967887903887454
0.62,0.041666666666666664,16.945638933737996,6.5532592218194825,1.109079280260653,0.5746125849417876,-0.25668141581580056,0.5112445801356105,0.13296823066984673,0.45109785873210334
0.44166666666666665,0.5633333333333334,17.058706863199244,2.8843167357425727,4.95974147282681,0.5269076034219345,-0.0035082786978981456,0.415000280985976,0.5461555792704184,0.38219673240774965
0.085,0.785,27.62814027733684,3.3711974865031085,3.4071823870064217,0.3474464403030202,0.3083420163601523,0.23547490458158954,0.01639109564900929,0.22771887770127855
0.14,0.49666666666666665,20.67942496547416,2.8065643942781375,4.030528229910666,0.45570219198887185,0.42451648347183074,0.30715314681612443,1.0770025541426411,0.2513543962414026
0.6133333333333333,0.23166666666666666,15.961813616666841,2.2697533102264864,1.7624094423494723,0.47240082055376825,-0.47097090886658904,0.5623097202977275,0.9690887412608616,0.4957649367328706
0.3983333333333333,0.135,14.679568644072338,1.7166844385638258,2.3827772401347036,0.2859517968906115,-0.15336889043117238,0.24748464957955935,0.45070613624438205,0.22146846561564043
0.34833333333333333,0.37333333333333335,18.47911947217904,1.9947208408347141,2.7087751859647202,0.44900824782576965,0.026551392941060407,0.3107065170755139,0.5699658956741996,0.2891426027102074
0.03,0.51,27.72209910615701,3.251002633539295,2.4409306705471554,0.42593993018619264,-0.17648048605244512,0.31134961946503753,0.4668035574474903,0.3154430609994092
0.5566666666666666,0.03166666666666667,25.417901182888354,5.095669887671721,2.3728547365344057,0.9047547572465867,0.7839466008098818,0.327690945003415,0.598917246938324,0.32859056431618255
0.5033333333333333,0.3,6.906566104080749,2.6673977136684224,3.361446835597143,0.9486195019734055,2.0935763172087265,0.6583699638336628,1.5389207994964325,0.40176916834644555
0.665,0.29833333333333334,20.264850189252318,2.46397884600908,2.783214049406693,0.33588268928671194,-0.557912163524609,0.39137820816662916,0.6199691070436218,0.2968329202381117
0.81,0.49,13.305017267439638,1.1981687589666683,1.8118033569762757,0.2500667645122617,0.008456071029545358,0.22868422876559769,0.45519271402198297,0.21658609286895322
0.8416666666666667,0.6166666666666667,7.974482823782978,0.863045370687209,2.751695124622665,0.28058684981465387,0.34057760511747204,0.2334063046573939,0.6293940581266635,0.22919344964801058
0.8433333333333334,0.6483333333333333,7.173859383459213,0.6452213330252154,2.855808982356981,0.26549228809763653,0.15051323236880895,0.25006857828225837,0.30202942570565455,0.26218024126380973
0.6466666666666666,0.7466666666666667,14.222070582452623,1.1920168034921768,3.4491128447138126,0.32942879749364024,-0.3258504814243324,0.23377434482512083,0.3105663565388891,0.24244044621519611
0.6333333333333333,0.865,14.50542863897714,1.2558570667404987,3.362127423048165,0.21297881574349942,0.5359400229471608,0.20195395694198723,0.5562107518784514,0.21351062372885082
0.6333333333333333,0.865,6.44344465612954,0.5499007721800051,3.3756037619941512,0.24298286954120354,0.4131214144652619,0.22086495875246304,0.1518233246691569,0.2275022768372764
0.5566666666666666,0.9666666666666667,11.501291152112431,0.9476338160338237,1.7630611456107836,0.23911439504503446,0.04957447790729008,0.22607610165690314,0.3482379398328315,0.21598221919767285
0.7266666666666667,0.975,10.188063108880074,2.0367026474939336,3.174836461688676,0.3623820324244452,0.8410748583295736,0.3000591326573455,0.13141754026974975,0.2527327825192906
0.6316666666666667,0.9783333333333334,4.060426887654692,1.3243951235596656,1.6879421807864006,0.39168883954884703,0.6011726321844065,0.35051033173808704,0.5576793944747591,0.23521953894361
0.03833333333333333,0.9733333333333334,12.284879940521229,0.6459652985930056,2.5633859493660136,0.2696523782581541,-0.6178673474895833,0.1896070198259949,-2.124239061082202,0.19870734393706535
0.10166666666666667,0.965,13.533956800411374,0.810564501175277,2.7080037935128467,0.3169130703837122,-0.12316990025846385,0.16410688835622403,-1.0180495280815476,0.1849697164439428
0.14166666666666666,0.8783333333333333,13.828614516784496,0.7424687075782614,2.830434288592684,0.16228736232551383,-0.11373264801421755,0.18872644159406457,-2.0288986204133375,0.2170906466057728
0.39666666666666667,0.4866666666666667,3.7988623607765035,1.9424212389228024,1.4917792392802793,0.6189196222105776,0.6839406840952132,0.23471889775775495,0.6491722593065585,0.2853927236345069
0.16333333333333333,0.8916666666666667,23.77183546191578,2.1251078039172264,2.8898103065506784,0.2250655268805639,-0.6300664498220425,0.22233496543599787,0.23454452696738776,0.23144444769227468
0.03166666666666667,0.9366666666666666,22.722148739189297,3.224731346897126,3.6391319649967926,0.3632919327844142,1.049994500309458,0.29641554883018556,0.742783102206219,0.24281706419191937
0.028333333333333332,0.8566666666666667,24.128390701368414,2.3996058349112377,3.8803122649718373,0.26873274333852576,0.7783240108839992,0.23359879617543453,0.040560516461330666,0.2062461058555614
0.10333333333333333,0.56,31.70915860249444,3.630517393541455,3.326492183971702,0.2915156396403115,0.20122408820860535,0.2565834489176556,0.2652727227514424,0.2042547173426766
0.8,0.08666666666666667,16.919049453835083,5.68505166699553,5.367064406846046,0.8475164632584901,0.276791767732554,0.39395512932082244,0.03752052309348304,0.3392402635524253
0.485,0.705,20.717496433286843,2.6240003674043173,2.822212164077653,0.3941515436299058,0.1995246412204848,0.2768394419659364,0.47674534208249564,0.27311254002269586
0.22166666666666668,0.8016666666666666,12.28455974087948,3.456052662564451,2.927572943664929,0.2865964310139718,0.16825819708666867,0.2349143349228333,0.5231001517993025,0.2206721388052737
0.34,0.8833333333333333,8.994174073768091,1.8780256235266795,3.5613215365533137,0.6176698536188853,0.011020488514122217,0.541497551371923,0.9599229959919113,0.3461559677310034
0.17833333333333334,0.8916666666666667,13.846202349189987,3.0705719851214504,3.2273001758945856,0.34235615835179617,-0.12901896782509803,0.22811893919878146,0.17384586961386284,0.2684759912312376
0.135,0.92,6.834202775799863,2.2480547001470703,2.872294353880009,0.4786153366874824,0.05592268055356462,0.2292368804832472,0.12364934737186895,0.2898909598564102
0.2866666666666667,0.6233333333333333,21.114458267113278,1.7162533793742956,1.839697857606332,0.2749857411907112,0.19404789902323458,0.24285840369594394,-0.18528079385081345,0.21778058675425474
0.17333333333333334,0.7616666666666667,25.86641030004464,2.9465609008342173,5.516472885331908,0.2584297842225724,0.8532356945760071,0.23080273086710654,0.5542444291962385,0.20702436820039102
0.18666666666666668,0.6683333333333333,11.646463257456018,1.7333439074328612,3.4833251135905527,0.29836626864198024,1.4503196995036935,0.24351478633533033,0.9730864456254099,0.22051901935424228
0.155,0.9483333333333334,4.1990982628773175,0.3976090314467015,2.221793449231142,0.22630495100075007,0.41864158912473587,0.23258623801822598,0.6330529528200184,0.23692832463583083
0.14833333333333334,0.98,4.408495706012751,0.5154350261932431,2.110501587176136,0.22516125568911033,0.4011402908896464,0.2248518225737559,0.4802199263753492,0.22408539824395318
0.5433333333333333,0.49,10.788127776592018,0.9693706741155942,2.79323607153688,0.2635936644580457,-0.5501039139231912,0.22072248696201846,-0.06813453736720788,0.21769817930617857
0.5483333333333333,0.5483333333333333,6.607671964023766,0.5536431106933318,1.9598985631285222,0.30766079341438646,-0.23942909024277678,0.2836452417560421,-0.09543944132185884,0.23414795603956776
0.5116666666666667,0.5866666666666667,6.1813692201356085,0.8290827322700817,3.5499327413693194,0.3819026150247571,1.1853195828787984,0.2942206722642792,0.6061506686010162,0.23057402952977146
0.475,0.6316666666666667,8.540396789195318,0.9466929404399642,4.206422601382826,0.4286067417979849,1.692304767865223,0.4197888132567732,1.061490112603362,0.24410145663822586
0.585,0.21,23.52735840822464,5.760620060562665,2.979051488223375,0.7592484791147315,0.27204579229018655,0.8073297954509302,0.7207022218867472,0.5659762144640811
0.345,0.7416666666666667,19.884950215975493,3.1207769252410174,4.756412006505997,0.2476563509144698,-0.09223560957543796,0.23119901620505626,0.6131951186345254,0.21843137412905772
0.5083333333333333,0.4216666666666667,24.9015922842244,2.073519642660068,2.2985148165818896,0.2649916672298371,0.2172359082191078,0.24733241081332097,-0.19288767909853835,0.21345592804863497
0.9833333333333333,0.175,6.481313801202874,1.6976650533780266,-1.1630361367010382,1.0273647000082138,-0.7766501841123582,1.4186163570967028,0.44610526993144534,0.8697164213607417
0.5033333333333333,0.03666666666666667,36.12029475432956,3.3637056163618917,0.9916726487624008,0.42111077388539675,-0.5515347980497115,0.24019202683390384,0.40009469204869724,0.22968588641727616
0.5483333333333333,0.4533333333333333,12.970391842209851,1.0238817598398946,1.8242192502910257,0.24034448909957876,-0.34255325042054063,0.22548553910961847,-0.11941204483174891,0.21488096395284198
0.505,0.6533333333333333,11.95066328471421,1.019576156219457,2.3749464004552796,0.26578258214271033,0.22957550783376598,0.23570182485700447,0.40980807394466745,0.21697435694734396
0.505,0.6533333333333333,16.07811865641996,1.5832546289087035,2.551348729224614,0.31682661670338225,0.5265580749174454,0.26652005089069425,0.6537335776451768,0.22814488462182228
0.435,0.6533333333333333,10.31781684153711,1.1261399813427022,2.1716282385556016,0.22390797170922278,-0.12621857576693743,0.21163570117035033,0.23447415423032145,0.19750160988240997
0.3283333333333333,0.74,14.63547215499064,1.7352246820846213,4.678097067181431,0.357104317612664,0.7260214281015491,0.2520271292373808,0.6970293887455181,0.2317207326269314
0.38,0.7783333333333333,12.75210706148752,1.499745088189749,3.6082831626464777,0.37533369806498,1.0018523692589736,0.26604090620688353,0.49840628274621596,0.21359975272685658
0.415,0.7166666666666667,13.539608471701957,1.6139537620066395,3.086584056896822,0.4233545492648846,0.8550545179545203,0.33579999547967077,0.4491657150288073,0.2825002873751243
0.4033333333333333,0.425,36.62350167084496,2.838904157222859,1.772106306305286,0.2338864300889724,0.06653870513816794,0.222285765465155,-0.5776649516338122,0.20716606526141296
0.505,0.47833333333333333,15.215748440300075,1.4291549541553168,2.0950989198015493,0.32386136903284235,0.03816041710428055,0.23763623542572918,0.1353943167082277,0.21762431551427708
0.13333333333333333,0.12166666666666667,12.460878242826114,1.7275586321138368,2.8562753368337805,0.6595185122743298,0.24723615173120927,0.3296483618548933,0.829232337955666,0.3916620119644166
0.09666666666666666,0.365,13.640276032891414,1.9807754259034909,3.312570872998391,0.5609187339102492,0.1161693203363047,0.3544192319801109,0.9186855223243549,0.4163434266667044
0.27666666666666667,0.4216666666666667,14.810631233831135,1.7819376235054345,4.101410674591713,0.4503594173427225,0.10434637283800946,0.3660529199733945,0.5782089324007867,0.29749795624012576
0.27,0.5666666666666667,13.315085632748476,1.653026451341737,4.358077045123192,0.6138125291496996,0.2961309777442697,0.29343905402658704,0.34416471000200494,0.39645834924855416
0.7666666666666667,0.385,7.888509064641914,5.32996500551905,1.310995852665158,0.7520790738014596,0.004109808368723345,0.665932303636713,0.23716719951131732,0.41309000698581716
0.7766666666666666,0.31833333333333336,13.081515853405978,3.1208279950231397,4.692434997034691,1.2274353623816283,2.465370596356289,0.837031834002726,1.0054519542663172,1.1235344661105198
0.4866666666666667,0.98,8.998143220206858,0.9104077042743323,0.342092091035587,0.2466662715377543,0.19303041037334392,0.21208020895027851,0.15540404906225194,0.21005650944969234
0.4866666666666667,0.98,8.771760031772853,0.7444511710654267,0.38549139410346195,0.2318017581715384,0.30146233869968253,0.2012152305129388,0.26042547014743345,0.2061387120482275
0.3566666666666667,0.515,15.505054742359182,2.188301866314119,3.3388300711934744,0.47635370427364115,0.250755408651603,0.2794210191127021,0.963827180448281,0.26995328326834145
0.20166666666666666,0.15333333333333332,30.859959581955422,3.5499643584638103,2.564819662237455,0.5755666327455919,-0.4071543045649642,0.3808647729275298,0.5759090756115868,0.36531530062951423
0.18166666666666667,0.48833333333333334,23.762205381273635,4.534965650819136,3.933265290405019,0.37136646380551547,0.12618645270878678,0.3413698482288569,0.16227169023067264,0.26207435545100205
0.3566666666666667,0.56,13.343920052147586,1.883808559834453,3.4215468453666946,0.4283734351384527,-0.050069303596677,0.3393587301255793,0.3305253108363042,0.3461997869175684
0.58,0.095,22.379691268292007,9.121483272412988,1.5357233164932282,0.5936747081728215,-0.425056728516655,0.572447746927858,-0.08242458143444985,0.6232809721346657
0.5033333333333333,0.021666666666666667,16.189539353436533,3.675521333241454,2.263104363573598,1.0625078089132276,1.235332995884962,0.7635696339556276,0.3466164304429607,0.4591416465858118
0.805,0.4866666666666667,13.997844420895802,1.1561842113698475,2.0974941849843742,0.27260274697629905,0.3372345329301682,0.22039337167588482,0.8495594334642124,0.22916796980917561
0.6833333333333333,0.6966666666666667,5.427242613205707,0.563198255919102,2.621385449783702,0.26516834837712416,0.2131600769551426,0.2523614262230299,0.251904933617873,0.23359249929912232
0.7883333333333333,0.8483333333333334,5.09990603513722,0.6098345162359595,2.641309197686132,0.27849281272464804,0.320166424370719,0.2325003309786588,0.6145689664799795,0.2230095827858362
0.5266666666666666,0.935,14.132860548041656,1.4812650515925272,3.6261146176986587,0.3650825761138176,-0.241107342340897,0.2492677553265265,0.24689662574503865,0.22793640652191843
0.6933333333333334,0.83,10.058492740833831,1.5064827234817715,3.1620373173400664,0.4273369522946902,0.44391418028538576,0.36845810749325314,0.4110700800194746,0.2798831595723009
0.7333333333333333,0.57,15.30757015754989,1.871244395961467,2.355678653375254,0.39568034573641475,-0.6543911821659018,0.2924127479000684,-0.048232930683988214,0.2832733290848854
0.6816666666666666,0.40166666666666667,22.952815317815563,3.7041373724359246,2.5452848892457385,0.38419907344762294,-0.2599032404704515,0.3733655748772925,0.04265817465406871,0.2962063632577416
0.7116666666666667,0.605,9.842311101916236,1.116029222742305,3.1534002292869827,0.4061968867156588,-0.46769657745689824,0.2874172469906383,0.19848840535344825,0.24501724685979845
0.365,0.6983333333333334,18.85281917159441,1.7143224469951552,3.3115873995956475,0.2589954646486693,-0.8695728102860291,0.2595419364272038,0.5192679879119863,0.2267055935376975
0.23833333333333334,0.5183333333333333,8.044068082071137,0.9234944589671196,1.8443736652114628,0.3142558748508448,0.25801852930644625,0.34018625353742904,0.3413238333900169,0.2923750019666311
0.03,0.8583333333333333,20.79245046838075,2.6663674636424997,3.374102004954419,0.6715388036900934,0.234581700326758,0.3733434538603403,1.1834486406184874,0.19248585662315826
0.15333333333333332,0.43333333333333335,21.767885931261144,2.440833517510442,3.0355378231729584,0.6371672080517444,-0.5637919528142223,0.4190174376803228,0.2807623529521377,0.2613530473950489
0.12833333333333333,0.8666666666666667,19.371339003374988,1.77678278393736,2.9120750449122115,0.30771536690286533,0.44123283845815364,0.2266906364094818,0.5371257490608395,0.2371995874018275
0.06666666666666667,0.9066666666666666,12.721101859408913,1.551473192748652,2.0629221129584105,0.3624797885922967,0.7763052709541146,0.27212028333810184,0.5408920282727924,0.2186979688880533
0.115,0.76,19.918138188217053,2.4181056484961516,2.542742352314347,0.3451311707554452,0.09544730476897795,0.32693050193636053,0.36575331056953514,0.31414140552564346
0.058333333333333334,0.7216666666666667,20.808785251827867,2.469945764895144,3.410492442480928,0.4711248702038924,0.2143443717205458,0.41129237505363725,0.25808175545217,0.3362802604310964
0.051666666666666666,0.8,15.17757379400877,1.7680152414746748,2.820732322329295,0.366113325896799,0.3762438643326686,0.24618816739095992,0.41811929163958406,0.3059180007224675
0.02666666666666667,0.865,31.120194296517845,3.6124553940218265,4.399528230185524,0.46207967788944426,0.662520024524519,0.38901685831012345,0.17809529993803763,0.28468368247827064
0.023333333333333334,0.51,30.85086059983793,2.807907386406473,3.4168876783840703,0.2660058739992504,0.09588164641522873,0.29326027330397764,0.602073921461005,0.2577842850190639
0.095,0.14666666666666667,39.941784898284,4.263704957492628,3.113433279083949,0.34148183125634557,0.3187138349544505,0.34654502794513,0.45183563883498495,0.3498788414605649
0.025,0.17833333333333334,37.93971033072108,5.768799198787054,3.0548199077906797,0.3689130157089434,-0.13831955502105445,0.32986901276613645,0.4769947214223142,0.31463739756637477
0.05333333333333334,0.485,20.816132869918942,2.311446637609589,2.895669962144835,0.42284455865052123,0.35924054950556406,0.3115962238699073,0.4255159624980129,0.3518613056549336
0.045,0.48833333333333334,25.983410143001116,2.602266164123344,3.53814015460257,0.3664858141280391,0.3302054487354125,0.27888355440228935,0.29863789158275317,0.2365789638504196
0.055,0.5533333333333333,18.972803865612192,2.066703452191735,3.1148806714139905,0.3810571070321629,0.3531681292723295,0.3114427929488539,0.48837416297189407,0.22869953436682577
0.056666666666666664,0.5666666666666667,18.575895949271725,1.8575626361151831,3.332400143416844,0.3311496669642407,0.6181440771694785,0.29447532159890116,0.4007635815526187,0.3005661650000667
0.045,0.4666666666666667,29.188160124191995,3.6818721515156567,3.06311902757285,0.40370115494086883,0.35429343356874954,0.36558488277933415,0.4780951998508203,0.33994965317631526
0.085,0.4083333333333333,36.546414078884276,3.3420573735078944,2.3736982491632608,0.35394179136631204,-0.09320460903945155,0.28958956395913515,0.43419910522483973,0.26284982424450437
0.13333333333333333,0.30333333333333334,27.609569519861484,3.497314402316078,2.7979565896876846,0.3453475743180955,-0.3843694526942139,0.2977379809540713,0.13358808666478786,0.28387190517652705
0.7866666666666666,0.41833333333333333,12.03728332099771,2.105018493417788,3.39435946288403,0.5355358723478748,-0.1902547774787858,0.3729805853084762,0.5505554546526643,0.2876650630221125
0.6333333333333333,0.17333333333333334,22.957140438030248,2.221541272218975,2.8116152305325612,0.512815911974508,-0.44169580049978574,0.4355610722939642,-0.01567112340915937,0.2480902941625834
0.5116666666666667,0.2783333333333333,18.341086218729888,3.1726692455521683,4.12619748370885,0.6400648163180072,0.9935482124983157,0.6516693327057632,0.7318419708377172,0.38500851294501115
0.6083333333333333,0.33166666666666667,11.595766075434659,1.8880836886544137,3.5591698565808354,0.7511095424668085,0.6816032918639764,0.40634215542994195,0.30019788264216657,0.35336778942131164
0.37333333333333335,0.715,15.35262684299587,1.6464198244695198,2.975416456646958,0.27201404256288875,-0.6774672976568578,0.3280186101950268,0.48585102669058566,0.251822115166397
0.38166666666666665,0.24,33.792070248163114,3.7881430076905067,2.6231270353891336,0.2932213088061109,-0.2627850594762708,0.25072411022536883,0.2840612611481548,0.2648117834558877
0.5016666666666667,0.7883333333333333,9.26502889908056,1.0640382357137128,2.87156755011919,0.3418870447414993,-0.17944193010440737,0.2815663671286885,0.05589718318505718,0.3173910563953126
0.705,0.4583333333333333,12.490022119518427,1.5842673729584558,4.049277414670001,0.29240366451897837,-0.9098514400231821,0.3550442479547046,0.3707808570766083,0.23406680042991695
0.6916666666666667,0.09166666666666666,21.76297639496733,5.086004108281791,1.1919278537555604,0.5080972926938049,0.36915282501401747,0.3622110439782,0.10065890606650037,0.279971100870748
0.78,0.06666666666666667,29.484883274027183,6.830602629397806,3.4413389569871256,0.3546564631480288,-0.36936949627691523,0.5190915075123255,0.03403314093309078,0.27143462729689455
0.505,0.5016666666666667,19.013841418266814,2.142374399796309,4.414034557747545,0.4666413825881618,0.41631684478726405,0.3816722413403176,0.28012794855927836,0.4245000061307996
0.7883333333333333,0.43,15.70225980633416,2.5112344464953065,3.6139215642983484,0.3653526191160174,-0.2999444953178431,0.2553494579081449,0.11206667330605376,0.33773627586171956
0.25333333333333335,0.5883333333333334,21.432201660598313,3.191146827194559,3.294553613460046,0.34238919175951144,0.5822597587723194,0.2693632025085973,-0.01435982264865323,0.30570738056969426
0.22166666666666668,0.6866666666666666,17.576040744215295,1.6021218918762528,3.184801125788026,0.29948349689777515,0.13938916816571933,0.22268720267536443,0.12152016419623733,0.23049535138923055
0.045,0.5166666666666667,37.119117657088324,3.2195169270837787,2.4739945368288074,0.2806427002526827,0.3801233564256391,0.24885014512120562,0.07840678696468074,0.22957925882104546
0.5033333333333333,0.3416666666666667,15.999619846085567,2.065562428767144,3.512900020765396,0.5702129298513442,0.5009921869092578,0.34650019101869756,0.026842185717407187,0.25499335381184257
0.18666666666666668,0.85,17.739675331781857,2.623108464511274,4.077018705129133,0.39027754485609595,-0.23358894682264786,0.25464697504356776,-0.3689748747607981,0.25850394147318695
0.34,0.05333333333333334,21.421457286102328,5.934828491891122,1.2270772513198165,0.7714099179377814,0.7816658574761454,0.3105006342983558,-0.6398676288439419,0.2846808749714953
0.31166666666666665,0.3333333333333333,26.629327599350074,2.7103812602493043,3.858721899313306,0.3534915997002198,-0.07673665521257228,0.3569671042964523,0.0014052315701807365,0.29778292056908734
0.17666666666666667,0.49,25.503673506687516,4.055826521015828,3.1332274351553524,0.44056362171615626,-0.07019460631614693,0.2777442044226421,-0.17717920210734117,0.25556882745811466
0.45666666666666667,0.69,8.966381080003787,0.9841384877792976,3.390011153195179,0.26242597971951515,-0.06098524882504193,0.24561063304352826,-0.062056843350889575,0.23144227531462278
0.365,0.455,19.052458563424413,2.4067811421107907,3.3836549496067145,0.3836441926784477,0.08105254730417649,0.36761049255201156,-0.061133990201352434,0.308759266582035
0.21833333333333332,0.9033333333333333,30.24608295220306,2.4836245471954324,4.241424782371052,0.23803016630361395,0.001266147678813987,0.2062740795329135,0.00717801858261557,0.20701614418377537
0.07166666666666667,0.7016666666666667,34.906273468807036,7.7754678998086515,4.744867557086806,0.4757305494547862,-0.01870886460027764,0.28653030946318864,-0.02955794277578073,0.2623499437844982
0.16833333333333333,0.5966666666666667,20.570348962745342,2.7987491976534575,4.382137156346982,0.5013106541387302,-0.4093298205044991,0.44308576843287156,0.20705200665757398,0.5331741345886634
0.07666666666666666,0.455,31.805801299540555,3.594649282657292,3.845570686457403,0.361238337189534,0.04077449659979404,0.3320757687663001,-0.10748855884882862,0.3097140912384419
0.07666666666666666,0.37333333333333335,38.50604768596597,3.7780442017386884,3.6165507240805015,0.3065861150630044,-0.1713236712029575,0.2573816560934437,-0.15832969095214644,0.24338901090452272
0.49166666666666664,0.7616666666666667,14.790231222803907,1.8491607265307195,3.507715602341135,0.46045208938325344,-0.05890938294635477,0.32875359029110024,1.137892361836128,0.3489545701555466
0.4816666666666667,0.4033333333333333,21.66175537228718,3.8508383331212763,3.105205541987937,0.34781602056824495,-1.1188641074047896,0.4257120537227313,-0.4870778646799508,0.33286082521437427
0.49166666666666664,0.2633333333333333,25.787336962716054,2.051411136347212,2.9156891326231187,0.2814617067236099,0.9775667408140876,0.3086802587986978,-0.019778769030607976,0.261938673673836
0.18166666666666667,0.09166666666666666,17.754115698214836,2.9360184218476615,2.729535270065696,0.515659058807377,0.8839238543619244,0.36037880408259215,0.4452800199081837,0.2896981634528401
0.7266666666666667,0.051666666666666666,23.094373927924757,3.260393008886563,2.156308125643199,0.36366662832064534,0.8811436611632907,0.3962794002297291,0.08301887482950027,0.36877643005772626
0.5633333333333334,0.025,39.52523168589067,7.796368892641899,2.7645735606691266,0.6895390034328682,-0.568299626635462,0.2940458347486837,0.06748823969012269,0.34664094255999506
0.8733333333333333,0.5566666666666666,13.332386409345366,1.1944369489758733,0.48259685506466127,0.31475673294750345,0.42890439939542907,0.359074912386861,1.5991318359234379,0.30023503217649233
0.9133333333333333,0.44,14.920101318617089,1.8200984710140782,1.4369567798137775,0.4604484579128849,0.32180274149600835,0.2706086458776853,0.17726533883951096,0.29293884312257046
0.49666666666666665,0.48833333333333334,20.51633471713522,2.253640021281747,2.6233180854034424,0.37047102492391487,-0.0528639783775291,0.272352670951351,0.4417546205093826,0.23574524451807527
0.55,0.5633333333333334,8.245908380056928,1.537172046990105,2.9464562454060275,0.2709754683831028,-0.7441123181135826,0.2826221227083436,0.05224490138266979,0.21721549142315724
0.7083333333333334,0.3933333333333333,14.185967330173503,1.608882267642621,2.131619674899376,0.5672382704108748,-0.08150611558676386,0.27449999503993244,0.5670441382396055,0.2893186428946835
0.27666666666666667,0.575,26.280703863256665,2.771307129144115,2.705133233852139,0.34830854681520995,0.10573343508354255,0.25770502582064003,0.48087029569238204,0.2507287350623297
0.7416666666666667,0.72,7.9438305927316435,1.0521310948213418,-0.07459380017360098,0.3731085757451182,-0.21117765209723388,0.3004937325737533,0.41404142612079126,0.23630097974173536
0.5733333333333334,0.9533333333333334,3.5989557503481717,0.31908529691569243,2.386338028982648,0.2753168859508575,0.9378192747672202,0.19618015754632903,0.2703190460453259,0.2090568254609154
0.49666666666666665,0.5,22.98478317376048,4.702421195286717,3.7448290420972667,0.5250058384763452,0.30886037174028974,0.40096000967608375,0.6383003044694348,0.32624038916596937
0.8166666666666667,0.22166666666666668,22.093928560766,4.616418897645286,2.2151124376557636,0.894011881605907,0.7662722553666529,0.4361544752527863,0.5434807916225695,0.3099394238635475
0.795,0.39,20.080200837632724,2.4541839955371447,2.511164618463998,0.32029934823637823,-0.06261865027103256,0.33722864261235147,0.028074980723063782,0.314555707515914
0.585,0.11,36.168315130389026,7.949675859340366,0.8934949058111917,0.4038805823405097,-0.3870534590724619,0.39497415883846065,0.10882130409078429,0.2589608534533937
0.815,0.4766666666666667,4.454580178367151,1.5182691349176447,1.4481514069364476,0.48036659825830474,-0.0782560590375853,1.0740534140888887,-0.11353725788018187,0.6361839485574853
0.22,0.6716666666666666,16.01155920173779,1.7652604723541134,2.3804402184356523,0.2557471046820359,1.0108148087453488,0.37694941266851817,0.5991216462373457,0.2639208115140042
0.31166666666666665,0.975,8.167837319919624,0.9148908018444017,2.829499862380391,0.2561478168015984,0.6690056777136829,0.21286350707557875,0.7161533163150477,0.2243357880263417
0.5016666666666667,0.9716666666666667,10.078332009832762,0.9841448374135744,2.972907341456192,0.33697451593563366,0.13995658791463098,0.22755171645250077,0.9165751915165345,0.25910236166999173
0.5216666666666666,0.9583333333333334,11.177113692427906,0.8998855152514486,2.4934901883000817,0.22075921235030116,-0.13936083046880007,0.21006002325148163,0.7935716647495387,0.21956105887938163
0.5033333333333333,0.5716666666666667,7.9743057840276235,1.2117091052538949,1.635418064287478,0.48825395390503906,-0.45407921962059067,0.5065452158538544,0.5123175204493773,0.3723312759726777
0.5,0.5633333333333334,13.021235491240445,1.5313401642380686,4.391259403183662,0.3536266298158152,0.6999583791518814,0.3358990980292371,0.5876181852787972,0.3114513986000808
0.46166666666666667,0.6783333333333333,10.728450558731966,1.4654199315995498,3.857421236370683,0.557935992264437,0.42185399400415063,0.37403963259171963,0.6308122637213883,0.4367265275261115
0.025,0.05,44.363128302251305,3.5300224995487457,1.1187774006784081,0.2395132527478121,-0.871089975727805,0.2246414410172189,0.6130850155959615,0.21165350959574267
0.07166666666666667,0.19333333333333333,40.61935887551926,2.9368256144459814,1.0528524125647278,0.23135656382713515,-0.6041185819225783,0.22084857397473895,0.7691637706556823,0.20732994658141687
0.06333333333333334,0.22166666666666668,37.43603820267967,3.3787553294342785,1.3454154616312797,0.2939330658787786,-0.9550763689504476,0.24756544877098388,0.7367269432003648,0.2401593296525081
0.9716666666666667,0.8066666666666666,4.656700892262469,0.613412796796309,0.8934132817505623,0.5776554633504378,1.1798763587207663,0.437484577815191,-0.19982721940309806,0.36497884407574693
0.82,0.42333333333333334,19.585875179643498,3.297138427707647,2.4007864321128403,0.4133143788257812,0.21221615042918798,0.3986517432418801,0.9593230481692931,0.4341289931307032
0.845,0.09333333333333334,21.54929359237764,4.272561331919387,-1.4792725106103033,0.5261041525557396,-0.5517453559971975,0.356284835657788,-0.505239262422315,0.322196806878775
0.445,0.9833333333333333,2.0877214117529896,0.1663157785099174,-0.6143413047732467,0.17684960850019135,0.0621472566167899,0.1796725369360102,-0.35382057186489474,0.19976283212766036
0.425,0.4766666666666667,25.91730687709054,2.5668408412340344,3.3881718781745223,0.29907831879168667,-0.39373182350271596,0.2884868014386572,0.13775169914705795,0.2577699754244029
0.6383333333333333,0.6916666666666667,8.422794142534775,0.7488076765842927,2.9561563885646605,0.4097807252134951,-0.31303872323415693,0.3228268584530204,0.20902828999652,0.28551163019998915
0.6316666666666667,0.16,11.388942492782082,4.355195808055718,2.356152695109041,0.5169052603661058,0.005698157187654035,0.43065715017098816,0.42420780657736323,0.268184767429204
0.315,0.775,19.69547415623746,1.8319917016828082,2.3469193082525983,0.35340400799812616,0.27918615925988804,0.2523444112021293,0.6139729778638503,0.2822494369653973
0.2816666666666667,0.26166666666666666,29.327674731236115,3.1478326850003304,3.2948908616245345,0.44219344908290237,0.01825192730412366,0.36870261516500324,0.1768309387364801,0.4078528575769796
0.5433333333333333,0.36833333333333335,28.27984601290491,2.7838699482029323,1.3936069318365705,0.33469337698874857,-0.11085985048954802,0.31661847128005205,0.12256479811221244,0.260327934929372
0.7333333333333333,0.355,12.719591796433331,1.071490746024054,0.3548701889567197,0.30249180497299505,1.399349694943358,0.27107092687129447,-0.9335235570708139,0.23684770961655863
0.815,0.08333333333333333,15.47024841130023,4.574503484269792,-1.793700835445702,0.882005716970218,0.27886392157571216,0.4209862202733215,0.2899300437164705,0.42236606053356746
0.17833333333333334,0.31833333333333336,21.792324624015695,1.7686556044561446,2.478546880853307,0.22882322862906881,0.05160877079546493,0.24401109758541004,0.659422589152298,0.21430895710424278
0.12,0.3383333333333333,25.8539152521266,4.266260522327778,1.82401484713973,0.46958203816372873,-0.8719871938298094,0.7625710019986418,0.16017145380353393,0.28779049251653815
0.6416666666666667,0.09666666666666666,23.578454900312366,2.953694221293367,2.97499937572849,0.3658913086142063,0.590151437243899,0.5093664887820308,0.7475862327776298,0.3713715518743249
0.7316666666666667,0.145,22.670737998999396,2.6897773749497937,4.726825001397963,0.4286705944883981,-0.723358336238559,0.2938152358250815,0.7029111360945604,0.32561600264641966
0.8183333333333334,0.14,14.714279494825051,1.2655829225464843,3.0147855191172352,0.33517253896578014,-0.9341285773535667,0.29093973857772565,-0.1960918697395041,0.2652302800061448
0.5516666666666666,0.30833333333333335,18.957780712005544,2.29515896190866,3.0720157223131976,0.31658290510355175,0.13385790375709464,0.33007267849131816,0.18839565705615147,0.3006572043750571
0.505,0.715,10.216433570939843,0.8825827700708337,3.414344516194802,0.23696413189688253,-0.1150566480300487,0.2264012570451463,0.2824083811286706,0.20448434435893684
0.17,0.03333333333333333,46.800219783499806,4.362247918941268,2.4739035193290233,0.3490106517812258,-1.6847308394600993,0.36095106802297255,0.2949527601692157,0.33821368528422324
0.5333333333333333,0.39666666666666667,11.859770371035053,3.0920512353616068,2.9216389914287215,0.2645850313211297,-0.5189672269938658,0.5390158084986137,0.44876038769626553,0.47848197127344355
0.615,0.3933333333333333,11.37104701225638,1.5435161128097148,2.8798189744084817,0.48882163569460463,0.5778520734678895,0.36118270634179467,0.21157555852988355,0.2967626434702741
0.3566666666666667,0.4116666666666667,19.24143069893141,1.761750515393206,2.8935930574446362,0.30054794974714766,0.05797268937885424,0.2471676973273988,0.29741850637493544,0.27943298460402816
0.3566666666666667,0.5916666666666667,25.044889379444328,2.384077828700457,2.628992388562969,0.25247761462176127,0.981080046358057,0.21874819861306408,0.48363612806472017,0.2474506908005512
0.2916666666666667,0.56,28.211336398088818,3.2760201627330243,2.7555478282065984,0.272682093858239,0.5079882209636051,0.25205231140956774,0.3671746046569107,0.272696915228114
0.315,0.7066666666666667,13.672949246598874,1.6139025588271445,2.2805725325261226,0.2699352833045208,1.0017062567829151,0.23210287350366265,0.4483834876974274,0.21438109082165555
0.315,0.7066666666666667,25.34433783738614,2.974916087701984,2.5793057394037686,0.2692856191973746,0.3666880709576635,0.2149496106472991,0.36161443859780734,0.22282813893795528
0.30833333333333335,0.6333333333333333,6.779303925830964,0.6518189236514981,3.2759369695776743,0.25794783535271437,-0.589952560107348,0.2759338839126765,-0.08552414634402027,0.21349944186074649
0.8366666666666667,0.79,7.609297261284348,1.2101912605380443,1.2794466189873335,0.6101976718304708,-0.5268785593675185,0.5103517800411845,-0.30880428207915656,0.45450913907078094
0.925,0.505,8.025456608869654,1.3093279130803706,2.242778633266884,1.058119847880058,0.7104117105579809,0.3650841818072033,0.323002644694365,0.3432941036462243
0.8133333333333334,0.165,23.107934419961857,5.063066731938742,3.1495881412676052,0.4467291143216932,-1.0166673576213248,0.5844455627068108,0.6332004178329105,0.4224256970159005
0.585,0.08333333333333333,20.321662140802562,2.594078217857456,2.6803969509299095,0.5660709692066749,-0.3522721262528645,0.39837573095346157,0.26975829957674585,0.2934881438328545
0.175,0.023333333333333334,63.73101628684674,6.133787156480127,3.06908575828712,0.5312021468592366,-0.8504789193306407,0.36360189943013627,0.002408404958937065,0.3570104788848018
0.01,0.011666666666666667,46.81151460210362,7.028683866472382,4.7255239930377515,0.8989582713541368,0.5136174782260287,0.3365147712697961,0.4954867397786387,0.22623952220856594
0.01,0.01,55.25689272317206,5.344291311578194,3.757068667964457,0.4444993339871397,0.4839904246354278,0.26555432638657206,0.4559634758019975,0.24886461122018202
0.4766666666666667,0.016666666666666666,27.07443605441387,5.216700933012384,2.902475686240097,0.693738674780594,-1.350159503305514,0.5546130319073174,-0.709095223201265,0.45861190747746444
0.5983333333333334,0.016666666666666666,28.190631871273148,12.768636866282986,1.5183374925822903,0.7563353583067592,0.9895433118648416,0.6706571025455317,0.8825781532561454,0.38145172481386597
0.6666666666666666,0.9816666666666667,3.0681571777201238,0.3008098401116066,1.197873550724436,0.28490485744797084,0.6086434954091104,0.24649181461432798,0.3395517814256728,0.2088862271095172
0.4066666666666667,0.9766666666666667,12.793577168176087,1.4776985149839954,2.9749692579878118,0.29007701773536504,-0.5030277816114761,0.22937731746352857,0.30956748460277367,0.28968471529034784
0.9483333333333334,0.5016666666666667,16.590643000243578,2.689298227409971,4.202300747532596,0.6450968677936452,-2.3159173397991477,0.46546043936362713,-1.3549564348012113,0.3715356213902827
0.21833333333333332,0.9233333333333333,15.979453277288995,1.344712511805331,0.8256905882596449,0.3046724205274499,0.11727000481052459,0.24265730518041176,-0.020807951894425632,0.25999957097931475
0.49666666666666665,0.98,2.3108997824553152,0.20512390188993393,0.05267636749636115,0.4101524533344183,0.27294348765883525,0.2364912313157021,0.07114162101400776,0.2528566337289698
0.8566666666666667,0.93,10.87877628811613,1.058013192606255,2.474878770368831,0.3206276662993218,-0.18594690830268099,0.24239803027870302,0.5625234824953897,0.22997186523637406
0.915,0.8933333333333333,15.028723672418925,2.956318572263875,2.4750396174704004,0.4931382308229246,0.10626497330995134,0.2632829158570838,0.6175021903105429,0.2799593866050778
0.9116666666666666,0.955,7.332925300737403,0.9613417710212548,2.596535287995487,0.2500103443062134,0.04756890166184722,0.28051921235168653,0.42930432545041075,0.24085606717242103
0.89,0.8416666666666667,16.86682538460803,2.378221913420492,2.463676265766208,0.4100291737409364,-0.13373806353703427,0.2746304925879296,0.5508930617830144,0.23722905862400023
0.885,0.8,18.370901816232546,1.8663617777995287,2.39304063734318,0.30186136956119947,-0.12973648489996462,0.24744791016649115,0.5756830922687355,0.2155690037394014
0.9066666666666666,0.19333333333333333,17.220647890281693,4.2242166655725155,3.5574610582437463,0.5391190116966341,-0.061105595887167595,0.3264834131773735,0.6357434336216747,0.4858546600875031
0.20166666666666666,0.5783333333333334,19.194458824110242,1.625029744535252,4.281870263918039,0.22918176212442665,0.27476727783734983,0.23101431073704257,0.26095709011067814,0.20796644758705868
0.89,0.38333333333333336,19.678865323431484,2.3811256198823454,0.23458337532749896,0.529099934855198,-0.3072091345400168,0.46460913453687064,0.09084564515778099,0.40567969825285355
0.16,0.43,28.048056158653836,2.622253497386803,3.150418113898048,0.2931041880752815,-0.3414973348806989,0.2482535129840934,0.4875629843341096,0.24149528044882426
0.3566666666666667,0.018333333333333333,46.92339397552622,10.91489484028006,0.9470352056308159,0.9367605437722685,0.11821661928636172,0.3393673688674594,0.12037273239328695,0.26990569943665316
